id,status_group
10,
13,
14,
29,
32,
37,
47,
53,
57,
58,
59,
61,
72,
83,
90,
99,
100,
101,
110,
127,
131,
135,
141,
143,
154,
155,
156,
163,
172,
188,
208,
211,
216,
217,
219,
220,
228,
232,
239,
243,
247,
251,
255,
259,
263,
270,
273,
277,
282,
286,
293,
303,
304,
309,
320,
322,
324,
329,
340,
341,
358,
359,
360,
364,
365,
372,
375,
376,
379,
383,
389,
390,
396,
403,
405,
407,
408,
409,
418,
419,
427,
428,
453,
466,
467,
470,
473,
496,
497,
499,
503,
507,
508,
519,
522,
528,
536,
547,
552,
561,
563,
568,
570,
577,
584,
608,
611,
612,
621,
625,
629,
635,
643,
646,
647,
653,
663,
671,
682,
685,
698,
704,
707,
708,
712,
726,
731,
737,
743,
752,
755,
762,
768,
789,
790,
799,
807,
809,
817,
819,
830,
833,
835,
840,
845,
848,
849,
858,
862,
865,
868,
873,
882,
884,
886,
889,
891,
893,
894,
895,
898,
899,
901,
902,
904,
907,
908,
911,
912,
913,
914,
915,
917,
918,
920,
933,
936,
945,
949,
952,
955,
958,
959,
963,
965,
973,
974,
975,
976,
986,
992,
997,
1000,
1001,
1003,
1005,
1010,
1018,
1020,
1023,
1028,
1048,
1049,
1051,
1065,
1081,
1084,
1090,
1098,
1099,
1103,
1111,
1112,
1121,
1122,
1131,
1137,
1143,
1149,
1163,
1164,
1172,
1177,
1178,
1183,
1188,
1195,
1198,
1207,
1211,
1215,
1219,
1223,
1228,
1233,
1238,
1252,
1256,
1257,
1265,
1271,
1272,
1274,
1283,
1290,
1291,
1312,
1313,
1320,
1329,
1332,
1334,
1341,
1344,
1350,
1361,
1365,
1370,
1372,
1386,
1398,
1407,
1413,
1419,
1420,
1431,
1435,
1457,
1458,
1466,
1467,
1468,
1482,
1483,
1493,
1496,
1499,
1501,
1506,
1512,
1514,
1519,
1520,
1521,
1523,
1538,
1539,
1540,
1543,
1545,
1546,
1554,
1558,
1565,
1566,
1570,
1574,
1580,
1589,
1591,
1597,
1600,
1602,
1612,
1625,
1632,
1639,
1642,
1648,
1649,
1653,
1661,
1663,
1666,
1673,
1676,
1677,
1680,
1681,
1687,
1704,
1707,
1712,
1714,
1717,
1718,
1721,
1724,
1743,
1745,
1749,
1761,
1767,
1768,
1771,
1781,
1782,
1784,
1787,
1789,
1792,
1793,
1795,
1798,
1804,
1807,
1814,
1819,
1826,
1830,
1832,
1857,
1867,
1869,
1871,
1873,
1878,
1884,
1885,
1887,
1889,
1901,
1917,
1923,
1931,
1932,
1933,
1934,
1939,
1942,
1945,
1949,
1951,
1952,
1955,
1957,
1958,
1960,
1968,
1969,
1978,
1988,
1998,
2000,
2002,
2003,
2005,
2006,
2007,
2009,
2012,
2016,
2017,
2027,
2036,
2039,
2043,
2049,
2053,
2063,
2064,
2067,
2070,
2079,
2082,
2087,
2093,
2095,
2100,
2116,
2125,
2132,
2135,
2139,
2140,
2142,
2150,
2151,
2155,
2158,
2159,
2162,
2164,
2167,
2170,
2174,
2177,
2178,
2180,
2181,
2185,
2190,
2191,
2195,
2196,
2203,
2208,
2211,
2225,
2230,
2246,
2247,
2249,
2252,
2255,
2260,
2262,
2268,
2271,
2279,
2285,
2286,
2308,
2311,
2314,
2318,
2320,
2338,
2345,
2349,
2358,
2361,
2367,
2370,
2375,
2376,
2381,
2382,
2387,
2389,
2399,
2407,
2408,
2418,
2446,
2447,
2448,
2449,
2451,
2456,
2459,
2465,
2467,
2477,
2478,
2493,
2495,
2498,
2505,
2512,
2519,
2527,
2532,
2534,
2540,
2544,
2556,
2557,
2576,
2578,
2579,
2580,
2581,
2589,
2593,
2601,
2609,
2621,
2633,
2638,
2647,
2648,
2650,
2651,
2653,
2655,
2666,
2681,
2691,
2702,
2709,
2715,
2723,
2724,
2725,
2741,
2743,
2751,
2755,
2758,
2768,
2769,
2779,
2782,
2786,
2789,
2791,
2796,
2797,
2798,
2800,
2801,
2807,
2808,
2809,
2811,
2832,
2838,
2840,
2843,
2848,
2852,
2854,
2855,
2860,
2862,
2866,
2867,
2868,
2874,
2875,
2876,
2877,
2882,
2884,
2891,
2899,
2906,
2910,
2923,
2925,
2929,
2930,
2932,
2939,
2941,
2949,
2959,
2961,
2966,
2978,
2981,
2986,
2988,
2999,
3000,
3009,
3018,
3022,
3024,
3027,
3040,
3047,
3060,
3064,
3066,
3088,
3089,
3102,
3105,
3106,
3108,
3121,
3130,
3137,
3138,
3144,
3145,
3148,
3149,
3152,
3157,
3158,
3161,
3172,
3182,
3186,
3188,
3190,
3193,
3205,
3217,
3220,
3221,
3225,
3227,
3251,
3257,
3269,
3271,
3281,
3284,
3293,
3294,
3298,
3302,
3309,
3310,
3312,
3315,
3321,
3325,
3326,
3331,
3332,
3336,
3341,
3344,
3345,
3347,
3350,
3351,
3353,
3362,
3364,
3372,
3374,
3378,
3380,
3382,
3388,
3389,
3390,
3398,
3404,
3409,
3416,
3420,
3421,
3424,
3425,
3429,
3430,
3448,
3449,
3451,
3452,
3455,
3463,
3466,
3469,
3474,
3481,
3484,
3489,
3493,
3496,
3497,
3499,
3501,
3503,
3505,
3506,
3507,
3509,
3511,
3517,
3521,
3534,
3537,
3541,
3546,
3554,
3570,
3574,
3575,
3583,
3593,
3604,
3605,
3612,
3617,
3618,
3641,
3648,
3649,
3655,
3664,
3693,
3701,
3703,
3716,
3718,
3719,
3720,
3724,
3730,
3735,
3737,
3741,
3742,
3745,
3761,
3773,
3778,
3782,
3792,
3793,
3797,
3798,
3803,
3805,
3807,
3810,
3816,
3830,
3839,
3847,
3858,
3861,
3866,
3872,
3882,
3885,
3887,
3890,
3892,
3895,
3905,
3908,
3915,
3917,
3925,
3932,
3933,
3936,
3942,
3949,
3952,
3953,
3955,
3973,
3976,
3977,
3981,
3982,
3988,
3990,
3996,
4003,
4005,
4023,
4033,
4037,
4055,
4066,
4068,
4073,
4091,
4092,
4094,
4103,
4104,
4109,
4110,
4124,
4130,
4135,
4143,
4149,
4152,
4158,
4167,
4175,
4177,
4180,
4189,
4193,
4195,
4196,
4201,
4202,
4207,
4210,
4213,
4216,
4217,
4229,
4239,
4253,
4256,
4261,
4263,
4268,
4272,
4276,
4279,
4281,
4285,
4293,
4294,
4298,
4309,
4312,
4334,
4335,
4339,
4342,
4347,
4350,
4352,
4365,
4370,
4371,
4375,
4376,
4378,
4384,
4386,
4388,
4391,
4393,
4394,
4401,
4402,
4405,
4406,
4411,
4415,
4418,
4419,
4422,
4426,
4434,
4438,
4453,
4460,
4461,
4468,
4482,
4498,
4499,
4504,
4505,
4506,
4508,
4509,
4513,
4515,
4518,
4519,
4520,
4545,
4546,
4549,
4553,
4559,
4560,
4566,
4572,
4584,
4588,
4589,
4601,
4618,
4627,
4640,
4641,
4655,
4671,
4673,
4677,
4678,
4680,
4682,
4689,
4690,
4691,
4692,
4696,
4698,
4705,
4707,
4711,
4719,
4728,
4736,
4737,
4740,
4741,
4750,
4765,
4767,
4770,
4779,
4794,
4797,
4802,
4803,
4814,
4818,
4820,
4825,
4832,
4838,
4843,
4844,
4852,
4855,
4867,
4870,
4871,
4872,
4887,
4891,
4893,
4901,
4911,
4917,
4919,
4920,
4929,
4932,
4935,
4936,
4940,
4943,
4944,
4953,
4954,
4956,
4960,
4961,
4967,
4969,
4970,
4972,
4979,
4984,
4988,
4989,
5001,
5012,
5020,
5024,
5026,
5031,
5036,
5041,
5044,
5046,
5050,
5051,
5055,
5059,
5068,
5075,
5082,
5092,
5093,
5098,
5099,
5101,
5109,
5137,
5138,
5141,
5142,
5143,
5151,
5156,
5157,
5166,
5169,
5178,
5181,
5186,
5196,
5197,
5200,
5203,
5210,
5217,
5221,
5222,
5232,
5236,
5237,
5243,
5245,
5267,
5270,
5274,
5281,
5285,
5290,
5300,
5306,
5316,
5326,
5328,
5345,
5349,
5358,
5371,
5377,
5379,
5382,
5383,
5389,
5390,
5394,
5397,
5399,
5405,
5406,
5411,
5430,
5439,
5443,
5447,
5448,
5453,
5456,
5458,
5468,
5470,
5480,
5483,
5487,
5488,
5491,
5494,
5501,
5510,
5514,
5516,
5522,
5526,
5527,
5529,
5531,
5532,
5547,
5557,
5560,
5566,
5567,
5572,
5576,
5577,
5586,
5596,
5604,
5608,
5620,
5632,
5647,
5656,
5661,
5664,
5667,
5673,
5674,
5677,
5682,
5686,
5704,
5706,
5712,
5717,
5747,
5752,
5756,
5760,
5762,
5766,
5772,
5776,
5779,
5794,
5795,
5807,
5830,
5832,
5833,
5836,
5843,
5849,
5851,
5862,
5863,
5867,
5868,
5874,
5886,
5887,
5889,
5891,
5901,
5903,
5919,
5925,
5928,
5930,
5934,
5936,
5937,
5948,
5951,
5982,
5984,
5993,
6000,
6008,
6024,
6030,
6042,
6045,
6046,
6049,
6055,
6056,
6060,
6067,
6069,
6073,
6075,
6078,
6079,
6080,
6090,
6098,
6102,
6107,
6111,
6112,
6132,
6138,
6140,
6144,
6148,
6151,
6153,
6160,
6162,
6166,
6167,
6168,
6177,
6181,
6186,
6189,
6210,
6211,
6212,
6213,
6222,
6232,
6238,
6242,
6246,
6252,
6256,
6270,
6273,
6274,
6276,
6277,
6287,
6294,
6300,
6309,
6311,
6331,
6333,
6346,
6351,
6353,
6364,
6379,
6380,
6382,
6393,
6395,
6396,
6405,
6407,
6418,
6437,
6444,
6446,
6452,
6458,
6462,
6465,
6473,
6476,
6477,
6481,
6490,
6491,
6492,
6496,
6500,
6505,
6524,
6529,
6533,
6536,
6540,
6542,
6568,
6573,
6582,
6589,
6596,
6597,
6607,
6608,
6609,
6610,
6621,
6625,
6638,
6645,
6647,
6648,
6655,
6656,
6666,
6668,
6669,
6677,
6687,
6688,
6689,
6690,
6708,
6709,
6713,
6719,
6721,
6743,
6745,
6749,
6751,
6752,
6754,
6771,
6774,
6783,
6789,
6796,
6799,
6806,
6808,
6810,
6819,
6820,
6829,
6832,
6843,
6847,
6857,
6867,
6876,
6877,
6880,
6882,
6885,
6890,
6895,
6906,
6912,
6930,
6934,
6935,
6944,
6947,
6953,
6962,
6965,
6966,
6973,
6978,
6982,
6987,
6992,
6996,
6997,
6998,
7000,
7001,
7004,
7006,
7012,
7015,
7017,
7026,
7027,
7030,
7034,
7041,
7043,
7060,
7062,
7063,
7066,
7068,
7077,
7078,
7081,
7084,
7085,
7088,
7089,
7098,
7103,
7104,
7111,
7114,
7118,
7133,
7134,
7135,
7141,
7150,
7174,
7177,
7178,
7181,
7191,
7193,
7200,
7205,
7210,
7211,
7226,
7228,
7231,
7233,
7236,
7237,
7241,
7242,
7244,
7246,
7250,
7263,
7268,
7274,
7275,
7278,
7283,
7291,
7293,
7298,
7299,
7301,
7315,
7318,
7323,
7333,
7340,
7342,
7346,
7351,
7353,
7357,
7380,
7382,
7385,
7390,
7398,
7399,
7400,
7409,
7417,
7421,
7422,
7424,
7425,
7427,
7428,
7436,
7444,
7445,
7448,
7453,
7457,
7462,
7465,
7466,
7471,
7475,
7487,
7494,
7495,
7497,
7498,
7504,
7514,
7515,
7516,
7529,
7533,
7539,
7544,
7545,
7546,
7551,
7562,
7565,
7569,
7573,
7580,
7581,
7588,
7595,
7606,
7608,
7616,
7622,
7624,
7638,
7643,
7644,
7645,
7648,
7652,
7672,
7680,
7684,
7693,
7694,
7695,
7701,
7706,
7709,
7712,
7713,
7718,
7719,
7723,
7730,
7734,
7736,
7738,
7741,
7747,
7760,
7762,
7773,
7780,
7781,
7802,
7806,
7807,
7810,
7812,
7818,
7823,
7825,
7827,
7830,
7836,
7837,
7845,
7848,
7849,
7852,
7859,
7861,
7865,
7869,
7883,
7891,
7892,
7899,
7902,
7912,
7913,
7914,
7917,
7919,
7922,
7923,
7924,
7927,
7937,
7940,
7948,
7951,
7954,
7955,
7963,
7964,
7967,
7974,
7975,
7978,
7992,
8008,
8009,
8011,
8015,
8016,
8017,
8024,
8026,
8032,
8037,
8051,
8056,
8061,
8068,
8074,
8089,
8094,
8104,
8106,
8108,
8112,
8121,
8125,
8129,
8138,
8142,
8149,
8151,
8155,
8162,
8173,
8176,
8183,
8187,
8189,
8193,
8195,
8207,
8210,
8218,
8222,
8227,
8231,
8234,
8235,
8238,
8242,
8243,
8246,
8249,
8261,
8274,
8279,
8305,
8307,
8312,
8313,
8314,
8315,
8319,
8320,
8321,
8323,
8325,
8335,
8341,
8343,
8351,
8365,
8369,
8371,
8378,
8383,
8389,
8402,
8407,
8410,
8414,
8415,
8431,
8439,
8443,
8449,
8450,
8455,
8462,
8463,
8471,
8474,
8479,
8480,
8482,
8486,
8489,
8490,
8497,
8500,
8503,
8508,
8510,
8511,
8514,
8519,
8521,
8531,
8540,
8541,
8542,
8543,
8544,
8549,
8557,
8558,
8559,
8560,
8563,
8569,
8572,
8577,
8586,
8590,
8593,
8596,
8601,
8610,
8612,
8613,
8617,
8625,
8629,
8637,
8640,
8646,
8651,
8652,
8653,
8657,
8663,
8668,
8670,
8671,
8672,
8682,
8683,
8691,
8693,
8698,
8700,
8701,
8702,
8715,
8732,
8744,
8747,
8754,
8755,
8756,
8760,
8770,
8771,
8777,
8778,
8780,
8782,
8783,
8785,
8786,
8787,
8795,
8796,
8801,
8807,
8809,
8812,
8816,
8821,
8822,
8831,
8835,
8850,
8854,
8859,
8860,
8863,
8864,
8869,
8876,
8890,
8897,
8903,
8913,
8930,
8939,
8950,
8964,
8968,
8986,
9002,
9003,
9008,
9018,
9024,
9028,
9031,
9042,
9044,
9045,
9048,
9050,
9054,
9055,
9064,
9067,
9075,
9086,
9092,
9097,
9099,
9102,
9111,
9113,
9118,
9120,
9122,
9125,
9126,
9138,
9140,
9148,
9150,
9157,
9174,
9175,
9185,
9205,
9207,
9209,
9212,
9213,
9214,
9215,
9216,
9218,
9231,
9239,
9243,
9250,
9261,
9263,
9268,
9278,
9282,
9288,
9295,
9296,
9299,
9305,
9312,
9315,
9316,
9321,
9326,
9327,
9328,
9331,
9332,
9333,
9336,
9356,
9360,
9361,
9364,
9370,
9373,
9379,
9380,
9381,
9387,
9392,
9399,
9402,
9415,
9416,
9418,
9425,
9432,
9433,
9444,
9451,
9453,
9456,
9460,
9465,
9469,
9472,
9481,
9490,
9498,
9501,
9504,
9508,
9510,
9519,
9520,
9528,
9530,
9531,
9532,
9533,
9536,
9543,
9555,
9557,
9565,
9576,
9583,
9587,
9588,
9604,
9607,
9610,
9612,
9614,
9615,
9629,
9635,
9641,
9642,
9646,
9651,
9652,
9653,
9665,
9675,
9682,
9684,
9719,
9722,
9726,
9731,
9734,
9748,
9758,
9774,
9785,
9802,
9816,
9820,
9827,
9830,
9832,
9834,
9840,
9841,
9854,
9857,
9864,
9865,
9877,
9879,
9883,
9890,
9899,
9902,
9903,
9905,
9913,
9917,
9922,
9931,
9938,
9948,
9950,
9958,
9961,
9962,
9963,
9964,
9966,
9968,
9969,
9971,
9974,
9975,
9976,
9984,
9988,
9991,
9994,
10004,
10007,
10014,
10021,
10022,
10025,
10027,
10031,
10034,
10039,
10059,
10073,
10075,
10080,
10081,
10083,
10086,
10088,
10096,
10106,
10108,
10116,
10117,
10119,
10133,
10136,
10150,
10159,
10161,
10172,
10174,
10177,
10187,
10188,
10193,
10202,
10205,
10208,
10215,
10216,
10225,
10226,
10228,
10234,
10236,
10240,
10257,
10259,
10261,
10267,
10272,
10275,
10277,
10279,
10284,
10295,
10296,
10301,
10311,
10314,
10315,
10319,
10328,
10329,
10331,
10333,
10335,
10338,
10343,
10345,
10346,
10351,
10352,
10357,
10361,
10363,
10367,
10372,
10378,
10408,
10413,
10414,
10426,
10431,
10433,
10438,
10445,
10451,
10455,
10459,
10460,
10462,
10470,
10483,
10484,
10489,
10490,
10492,
10496,
10498,
10501,
10505,
10508,
10509,
10512,
10523,
10525,
10536,
10539,
10541,
10548,
10550,
10554,
10558,
10561,
10598,
10603,
10616,
10618,
10626,
10638,
10643,
10646,
10647,
10656,
10658,
10664,
10668,
10671,
10683,
10705,
10710,
10713,
10716,
10722,
10726,
10738,
10753,
10760,
10762,
10763,
10767,
10772,
10776,
10777,
10792,
10798,
10808,
10816,
10824,
10827,
10830,
10833,
10834,
10842,
10843,
10844,
10845,
10850,
10852,
10858,
10859,
10861,
10863,
10865,
10871,
10876,
10879,
10881,
10892,
10899,
10905,
10911,
10913,
10915,
10920,
10924,
10926,
10927,
10929,
10936,
10946,
10948,
10963,
10967,
10968,
10971,
10978,
10981,
10986,
11014,
11017,
11025,
11026,
11032,
11042,
11044,
11048,
11052,
11056,
11057,
11060,
11062,
11068,
11070,
11075,
11086,
11093,
11095,
11104,
11105,
11108,
11109,
11113,
11135,
11150,
11151,
11158,
11159,
11162,
11163,
11170,
11171,
11172,
11175,
11176,
11183,
11188,
11193,
11203,
11205,
11206,
11216,
11220,
11224,
11225,
11235,
11240,
11241,
11244,
11250,
11253,
11257,
11259,
11260,
11270,
11280,
11286,
11289,
11291,
11300,
11301,
11305,
11312,
11321,
11324,
11328,
11335,
11340,
11344,
11346,
11347,
11353,
11357,
11358,
11365,
11368,
11373,
11375,
11376,
11383,
11398,
11399,
11400,
11414,
11417,
11422,
11435,
11436,
11439,
11443,
11452,
11453,
11454,
11456,
11461,
11466,
11477,
11480,
11498,
11507,
11514,
11519,
11535,
11553,
11556,
11557,
11561,
11563,
11569,
11588,
11589,
11608,
11620,
11623,
11624,
11626,
11628,
11631,
11645,
11648,
11650,
11651,
11657,
11661,
11662,
11670,
11671,
11674,
11680,
11685,
11690,
11694,
11704,
11705,
11709,
11725,
11726,
11728,
11729,
11730,
11731,
11737,
11742,
11743,
11747,
11752,
11755,
11761,
11764,
11772,
11775,
11776,
11778,
11782,
11783,
11788,
11789,
11794,
11806,
11818,
11825,
11829,
11830,
11836,
11838,
11844,
11853,
11859,
11863,
11864,
11867,
11869,
11873,
11878,
11880,
11893,
11895,
11908,
11911,
11913,
11918,
11922,
11925,
11930,
11932,
11934,
11937,
11939,
11940,
11942,
11946,
11959,
11963,
11969,
11977,
11978,
11979,
11989,
12001,
12002,
12003,
12010,
12013,
12015,
12017,
12018,
12020,
12026,
12028,
12034,
12036,
12042,
12044,
12049,
12054,
12058,
12063,
12066,
12068,
12069,
12074,
12076,
12080,
12087,
12091,
12100,
12106,
12107,
12109,
12112,
12119,
12124,
12125,
12138,
12143,
12145,
12148,
12157,
12160,
12181,
12189,
12193,
12201,
12205,
12208,
12229,
12238,
12242,
12259,
12269,
12279,
12284,
12304,
12311,
12325,
12327,
12336,
12349,
12353,
12359,
12360,
12363,
12368,
12369,
12378,
12383,
12395,
12399,
12407,
12409,
12427,
12434,
12438,
12440,
12448,
12453,
12455,
12457,
12458,
12468,
12471,
12477,
12479,
12482,
12485,
12497,
12509,
12512,
12513,
12518,
12524,
12527,
12528,
12533,
12535,
12536,
12537,
12541,
12545,
12549,
12557,
12559,
12562,
12567,
12571,
12582,
12583,
12589,
12592,
12594,
12599,
12606,
12613,
12617,
12636,
12644,
12645,
12647,
12655,
12657,
12660,
12670,
12671,
12682,
12686,
12699,
12702,
12703,
12704,
12705,
12708,
12716,
12722,
12726,
12727,
12733,
12737,
12738,
12740,
12745,
12747,
12750,
12754,
12758,
12765,
12772,
12774,
12779,
12806,
12808,
12816,
12818,
12820,
12821,
12822,
12826,
12837,
12844,
12857,
12858,
12859,
12860,
12863,
12871,
12881,
12883,
12884,
12886,
12892,
12900,
12902,
12909,
12912,
12913,
12926,
12931,
12932,
12933,
12935,
12944,
12954,
12955,
12965,
12970,
12997,
13012,
13017,
13025,
13028,
13031,
13032,
13035,
13044,
13045,
13046,
13049,
13053,
13054,
13056,
13057,
13061,
13063,
13069,
13072,
13083,
13084,
13086,
13087,
13089,
13101,
13103,
13118,
13120,
13122,
13128,
13134,
13139,
13140,
13145,
13147,
13151,
13159,
13161,
13175,
13186,
13193,
13196,
13209,
13215,
13220,
13224,
13226,
13232,
13241,
13243,
13251,
13255,
13259,
13260,
13264,
13266,
13267,
13270,
13272,
13273,
13277,
13287,
13288,
13290,
13300,
13306,
13307,
13308,
13310,
13319,
13323,
13336,
13339,
13340,
13347,
13350,
13354,
13355,
13364,
13367,
13369,
13374,
13378,
13381,
13382,
13385,
13389,
13390,
13392,
13395,
13399,
13404,
13413,
13416,
13418,
13423,
13432,
13433,
13437,
13443,
13446,
13458,
13460,
13461,
13469,
13475,
13480,
13482,
13488,
13491,
13495,
13496,
13498,
13502,
13503,
13512,
13516,
13518,
13527,
13542,
13550,
13556,
13562,
13565,
13566,
13576,
13577,
13585,
13600,
13604,
13609,
13612,
13617,
13624,
13627,
13633,
13638,
13645,
13646,
13654,
13663,
13665,
13667,
13671,
13672,
13684,
13686,
13688,
13690,
13695,
13696,
13698,
13700,
13706,
13707,
13712,
13744,
13750,
13758,
13767,
13781,
13783,
13784,
13785,
13798,
13802,
13814,
13816,
13826,
13828,
13837,
13838,
13846,
13857,
13859,
13864,
13869,
13873,
13877,
13881,
13884,
13895,
13902,
13907,
13909,
13911,
13916,
13917,
13918,
13922,
13923,
13930,
13955,
13957,
13968,
13971,
13974,
13975,
13980,
13986,
13990,
13994,
14007,
14011,
14012,
14014,
14017,
14019,
14020,
14021,
14031,
14034,
14035,
14041,
14044,
14046,
14055,
14057,
14063,
14084,
14086,
14087,
14094,
14099,
14106,
14113,
14114,
14118,
14119,
14151,
14154,
14158,
14159,
14161,
14163,
14184,
14185,
14190,
14193,
14198,
14203,
14208,
14209,
14217,
14223,
14226,
14230,
14239,
14255,
14256,
14259,
14268,
14274,
14276,
14280,
14287,
14297,
14299,
14308,
14312,
14315,
14319,
14321,
14333,
14338,
14339,
14352,
14357,
14359,
14363,
14368,
14377,
14382,
14386,
14394,
14398,
14404,
14411,
14412,
14414,
14416,
14418,
14423,
14431,
14435,
14445,
14448,
14451,
14458,
14468,
14472,
14473,
14474,
14483,
14486,
14487,
14490,
14503,
14510,
14515,
14525,
14528,
14533,
14537,
14545,
14552,
14555,
14564,
14574,
14577,
14586,
14598,
14601,
14604,
14605,
14608,
14612,
14625,
14626,
14628,
14635,
14638,
14643,
14646,
14648,
14650,
14667,
14669,
14682,
14684,
14685,
14689,
14696,
14708,
14709,
14711,
14716,
14718,
14719,
14720,
14721,
14730,
14731,
14735,
14737,
14738,
14740,
14750,
14760,
14766,
14777,
14778,
14780,
14781,
14785,
14786,
14791,
14802,
14807,
14818,
14820,
14821,
14831,
14842,
14843,
14845,
14846,
14850,
14852,
14853,
14856,
14858,
14860,
14865,
14868,
14869,
14881,
14888,
14890,
14894,
14896,
14900,
14917,
14922,
14928,
14930,
14932,
14935,
14944,
14947,
14955,
14957,
14958,
14966,
14971,
14986,
14998,
15000,
15001,
15003,
15004,
15005,
15008,
15011,
15018,
15020,
15023,
15031,
15032,
15034,
15035,
15036,
15056,
15059,
15068,
15070,
15087,
15088,
15090,
15100,
15109,
15111,
15113,
15115,
15116,
15117,
15136,
15138,
15140,
15146,
15148,
15149,
15152,
15153,
15158,
15163,
15175,
15186,
15187,
15196,
15202,
15205,
15216,
15225,
15227,
15234,
15240,
15246,
15256,
15260,
15262,
15266,
15268,
15274,
15275,
15282,
15285,
15287,
15291,
15293,
15296,
15314,
15315,
15320,
15321,
15334,
15342,
15346,
15354,
15355,
15360,
15364,
15366,
15371,
15385,
15388,
15392,
15399,
15407,
15408,
15412,
15419,
15420,
15424,
15425,
15430,
15435,
15436,
15438,
15447,
15459,
15470,
15477,
15480,
15482,
15485,
15492,
15496,
15497,
15506,
15511,
15517,
15527,
15534,
15549,
15550,
15559,
15566,
15575,
15585,
15589,
15591,
15595,
15601,
15606,
15607,
15613,
15617,
15620,
15625,
15631,
15638,
15644,
15645,
15651,
15653,
15655,
15657,
15658,
15662,
15665,
15678,
15683,
15696,
15702,
15704,
15722,
15735,
15737,
15739,
15744,
15746,
15766,
15771,
15774,
15775,
15784,
15790,
15796,
15810,
15811,
15817,
15825,
15827,
15831,
15834,
15853,
15856,
15863,
15865,
15869,
15870,
15871,
15874,
15876,
15885,
15897,
15902,
15903,
15906,
15909,
15925,
15928,
15929,
15933,
15941,
15942,
15945,
15947,
15950,
15956,
15962,
15964,
15981,
15983,
15987,
15989,
15994,
15997,
15999,
16005,
16011,
16018,
16022,
16031,
16034,
16038,
16046,
16059,
16064,
16069,
16075,
16086,
16087,
16088,
16100,
16104,
16106,
16115,
16117,
16120,
16122,
16125,
16127,
16129,
16134,
16141,
16145,
16153,
16160,
16165,
16170,
16172,
16179,
16185,
16193,
16194,
16197,
16199,
16222,
16234,
16239,
16240,
16242,
16257,
16270,
16277,
16281,
16288,
16298,
16302,
16304,
16306,
16319,
16322,
16337,
16340,
16343,
16346,
16348,
16352,
16356,
16359,
16368,
16369,
16374,
16375,
16382,
16384,
16390,
16391,
16393,
16396,
16403,
16404,
16410,
16418,
16424,
16434,
16436,
16439,
16442,
16460,
16467,
16470,
16471,
16473,
16483,
16485,
16490,
16493,
16501,
16504,
16522,
16523,
16525,
16528,
16531,
16539,
16542,
16545,
16554,
16559,
16562,
16572,
16575,
16577,
16580,
16587,
16590,
16591,
16592,
16599,
16605,
16607,
16612,
16613,
16615,
16622,
16631,
16633,
16647,
16649,
16652,
16656,
16675,
16684,
16688,
16701,
16709,
16713,
16714,
16717,
16734,
16735,
16738,
16742,
16749,
16756,
16763,
16766,
16767,
16768,
16775,
16777,
16785,
16789,
16799,
16803,
16810,
16818,
16827,
16828,
16840,
16841,
16845,
16856,
16857,
16858,
16862,
16864,
16876,
16878,
16882,
16883,
16886,
16902,
16903,
16904,
16907,
16908,
16916,
16920,
16939,
16940,
16943,
16949,
16951,
16954,
16955,
16961,
16963,
16973,
16988,
16989,
16990,
16991,
17001,
17002,
17006,
17010,
17013,
17015,
17020,
17030,
17034,
17037,
17045,
17049,
17052,
17058,
17064,
17066,
17075,
17077,
17078,
17098,
17105,
17110,
17114,
17126,
17130,
17132,
17133,
17139,
17150,
17153,
17156,
17157,
17158,
17166,
17168,
17170,
17175,
17178,
17188,
17190,
17198,
17202,
17211,
17229,
17235,
17248,
17256,
17260,
17267,
17269,
17289,
17295,
17297,
17299,
17301,
17307,
17311,
17316,
17318,
17320,
17332,
17334,
17338,
17339,
17353,
17362,
17385,
17387,
17393,
17394,
17408,
17409,
17416,
17417,
17422,
17433,
17447,
17453,
17455,
17457,
17460,
17463,
17465,
17470,
17473,
17480,
17483,
17486,
17487,
17509,
17512,
17514,
17532,
17545,
17549,
17559,
17562,
17573,
17578,
17581,
17597,
17609,
17610,
17622,
17632,
17636,
17640,
17641,
17651,
17670,
17677,
17681,
17694,
17699,
17719,
17723,
17732,
17745,
17759,
17762,
17764,
17778,
17780,
17781,
17787,
17789,
17791,
17796,
17798,
17812,
17827,
17831,
17838,
17846,
17850,
17852,
17853,
17873,
17886,
17907,
17913,
17914,
17916,
17923,
17926,
17929,
17930,
17935,
17938,
17949,
17950,
17951,
17954,
17955,
17956,
17958,
17959,
17961,
17963,
17965,
17971,
17980,
17981,
17982,
17990,
17994,
17997,
18004,
18006,
18009,
18028,
18030,
18042,
18043,
18050,
18051,
18052,
18055,
18056,
18061,
18067,
18069,
18087,
18092,
18106,
18109,
18110,
18121,
18132,
18133,
18142,
18144,
18149,
18151,
18152,
18154,
18162,
18166,
18171,
18172,
18174,
18190,
18196,
18197,
18206,
18208,
18209,
18215,
18216,
18223,
18229,
18234,
18244,
18245,
18247,
18252,
18277,
18286,
18288,
18291,
18292,
18294,
18299,
18300,
18302,
18305,
18307,
18308,
18309,
18313,
18322,
18330,
18332,
18339,
18340,
18343,
18353,
18356,
18359,
18369,
18372,
18373,
18376,
18378,
18379,
18380,
18381,
18385,
18398,
18401,
18402,
18405,
18418,
18424,
18437,
18438,
18441,
18446,
18461,
18464,
18465,
18466,
18470,
18471,
18472,
18477,
18497,
18498,
18500,
18502,
18506,
18521,
18526,
18527,
18532,
18535,
18540,
18543,
18548,
18549,
18563,
18570,
18575,
18581,
18585,
18607,
18609,
18620,
18623,
18625,
18627,
18628,
18637,
18642,
18643,
18645,
18651,
18652,
18655,
18666,
18671,
18683,
18685,
18687,
18691,
18700,
18719,
18721,
18725,
18733,
18736,
18759,
18762,
18763,
18764,
18770,
18771,
18774,
18775,
18781,
18792,
18798,
18804,
18813,
18822,
18824,
18826,
18828,
18836,
18839,
18841,
18853,
18854,
18857,
18861,
18863,
18879,
18884,
18890,
18893,
18896,
18899,
18905,
18906,
18910,
18911,
18921,
18927,
18929,
18937,
18940,
18944,
18945,
18965,
18971,
18976,
18979,
18981,
18982,
18984,
18990,
18995,
19001,
19007,
19013,
19021,
19022,
19025,
19027,
19028,
19033,
19035,
19040,
19050,
19067,
19079,
19081,
19083,
19087,
19089,
19092,
19094,
19098,
19100,
19101,
19103,
19108,
19109,
19111,
19114,
19116,
19137,
19138,
19149,
19165,
19168,
19171,
19172,
19175,
19179,
19181,
19182,
19183,
19184,
19192,
19198,
19207,
19229,
19238,
19240,
19241,
19254,
19264,
19266,
19269,
19270,
19277,
19280,
19286,
19291,
19292,
19296,
19300,
19309,
19316,
19319,
19322,
19325,
19328,
19333,
19337,
19338,
19339,
19340,
19341,
19345,
19350,
19355,
19356,
19364,
19366,
19377,
19378,
19379,
19383,
19393,
19420,
19421,
19422,
19427,
19429,
19431,
19435,
19439,
19440,
19445,
19449,
19450,
19459,
19466,
19483,
19492,
19496,
19503,
19508,
19512,
19514,
19516,
19517,
19520,
19523,
19526,
19528,
19532,
19533,
19539,
19540,
19559,
19567,
19584,
19588,
19598,
19602,
19610,
19611,
19620,
19626,
19631,
19655,
19658,
19668,
19675,
19678,
19679,
19693,
19694,
19698,
19704,
19707,
19726,
19727,
19732,
19735,
19737,
19743,
19744,
19748,
19750,
19752,
19755,
19757,
19760,
19771,
19777,
19779,
19782,
19784,
19786,
19787,
19800,
19807,
19823,
19824,
19831,
19839,
19840,
19844,
19866,
19867,
19872,
19876,
19877,
19891,
19897,
19903,
19917,
19928,
19936,
19939,
19940,
19942,
19946,
19947,
19951,
19954,
19955,
19960,
19983,
19984,
19985,
19990,
19994,
19998,
19999,
20002,
20012,
20013,
20021,
20022,
20024,
20026,
20038,
20040,
20042,
20043,
20044,
20054,
20062,
20063,
20064,
20066,
20072,
20077,
20086,
20094,
20102,
20111,
20123,
20126,
20153,
20155,
20156,
20160,
20166,
20171,
20174,
20177,
20178,
20183,
20185,
20186,
20187,
20191,
20195,
20208,
20209,
20227,
20238,
20244,
20251,
20255,
20258,
20259,
20266,
20272,
20278,
20283,
20292,
20296,
20299,
20309,
20318,
20332,
20335,
20339,
20344,
20349,
20368,
20372,
20376,
20389,
20394,
20396,
20397,
20409,
20418,
20422,
20427,
20430,
20435,
20436,
20437,
20439,
20446,
20450,
20452,
20454,
20464,
20465,
20466,
20485,
20497,
20500,
20526,
20527,
20532,
20533,
20535,
20540,
20541,
20545,
20548,
20553,
20557,
20558,
20566,
20570,
20577,
20581,
20599,
20603,
20607,
20612,
20613,
20621,
20623,
20627,
20628,
20630,
20634,
20636,
20645,
20652,
20655,
20658,
20660,
20661,
20662,
20674,
20682,
20689,
20691,
20696,
20698,
20699,
20710,
20712,
20716,
20718,
20721,
20728,
20730,
20734,
20735,
20745,
20748,
20756,
20760,
20761,
20769,
20772,
20773,
20787,
20795,
20802,
20818,
20820,
20847,
20855,
20863,
20873,
20879,
20882,
20889,
20895,
20905,
20907,
20908,
20920,
20922,
20928,
20931,
20933,
20941,
20945,
20948,
20951,
20955,
20960,
20965,
20967,
20971,
20974,
20975,
20983,
20985,
21000,
21007,
21019,
21020,
21027,
21029,
21045,
21047,
21058,
21060,
21061,
21066,
21074,
21079,
21082,
21083,
21087,
21096,
21099,
21102,
21103,
21111,
21114,
21118,
21122,
21129,
21130,
21134,
21136,
21138,
21148,
21152,
21157,
21165,
21170,
21171,
21178,
21181,
21183,
21188,
21189,
21190,
21208,
21218,
21223,
21243,
21249,
21251,
21263,
21265,
21276,
21281,
21294,
21296,
21298,
21300,
21308,
21321,
21322,
21325,
21335,
21345,
21355,
21356,
21360,
21361,
21366,
21369,
21370,
21373,
21381,
21386,
21388,
21389,
21395,
21400,
21402,
21405,
21410,
21412,
21420,
21422,
21425,
21429,
21436,
21438,
21439,
21442,
21456,
21457,
21463,
21477,
21479,
21491,
21498,
21502,
21503,
21520,
21523,
21525,
21527,
21529,
21533,
21543,
21544,
21552,
21559,
21561,
21562,
21565,
21566,
21571,
21572,
21578,
21584,
21587,
21593,
21596,
21600,
21604,
21610,
21611,
21616,
21617,
21618,
21621,
21628,
21631,
21654,
21656,
21662,
21663,
21674,
21675,
21680,
21682,
21686,
21699,
21703,
21706,
21708,
21711,
21714,
21717,
21718,
21722,
21723,
21728,
21735,
21741,
21746,
21749,
21757,
21758,
21768,
21770,
21774,
21778,
21780,
21781,
21786,
21795,
21798,
21802,
21806,
21813,
21815,
21818,
21824,
21826,
21828,
21831,
21835,
21845,
21846,
21848,
21850,
21851,
21863,
21868,
21870,
21873,
21874,
21877,
21881,
21882,
21886,
21889,
21890,
21892,
21899,
21903,
21916,
21918,
21920,
21923,
21924,
21926,
21930,
21932,
21958,
21961,
21963,
21969,
21979,
21982,
21985,
22001,
22011,
22016,
22019,
22020,
22035,
22059,
22062,
22064,
22065,
22069,
22073,
22078,
22079,
22080,
22081,
22089,
22096,
22099,
22102,
22104,
22111,
22122,
22123,
22124,
22127,
22131,
22134,
22136,
22140,
22141,
22145,
22153,
22154,
22161,
22168,
22169,
22173,
22174,
22177,
22181,
22192,
22209,
22220,
22221,
22223,
22228,
22234,
22237,
22239,
22240,
22251,
22260,
22262,
22263,
22264,
22275,
22286,
22290,
22292,
22310,
22342,
22345,
22346,
22347,
22349,
22350,
22351,
22353,
22366,
22375,
22379,
22382,
22384,
22388,
22391,
22394,
22395,
22399,
22401,
22407,
22410,
22412,
22425,
22428,
22439,
22440,
22443,
22449,
22460,
22461,
22463,
22464,
22468,
22474,
22477,
22483,
22485,
22486,
22496,
22498,
22504,
22508,
22537,
22547,
22548,
22552,
22555,
22557,
22567,
22568,
22586,
22587,
22588,
22594,
22598,
22599,
22604,
22608,
22616,
22617,
22619,
22620,
22622,
22623,
22628,
22629,
22633,
22634,
22653,
22654,
22655,
22657,
22661,
22663,
22669,
22676,
22678,
22691,
22697,
22698,
22705,
22708,
22711,
22712,
22727,
22728,
22734,
22740,
22742,
22746,
22751,
22763,
22764,
22775,
22780,
22787,
22788,
22797,
22800,
22802,
22811,
22821,
22828,
22830,
22833,
22839,
22845,
22851,
22859,
22873,
22874,
22877,
22882,
22892,
22896,
22899,
22902,
22905,
22916,
22918,
22920,
22924,
22929,
22938,
22941,
22943,
22945,
22947,
22953,
22954,
22956,
22979,
22997,
23001,
23013,
23021,
23027,
23029,
23040,
23041,
23043,
23049,
23050,
23061,
23063,
23067,
23075,
23078,
23080,
23085,
23092,
23094,
23103,
23109,
23112,
23114,
23125,
23132,
23133,
23138,
23139,
23140,
23147,
23150,
23155,
23163,
23168,
23175,
23177,
23180,
23201,
23203,
23218,
23227,
23234,
23237,
23245,
23248,
23249,
23254,
23257,
23260,
23272,
23275,
23279,
23280,
23285,
23297,
23301,
23306,
23309,
23323,
23332,
23343,
23350,
23351,
23352,
23359,
23370,
23375,
23384,
23387,
23395,
23400,
23402,
23403,
23404,
23414,
23422,
23426,
23427,
23440,
23443,
23447,
23451,
23462,
23463,
23467,
23484,
23485,
23489,
23492,
23502,
23503,
23504,
23505,
23511,
23513,
23516,
23520,
23522,
23526,
23528,
23530,
23534,
23539,
23542,
23544,
23552,
23557,
23566,
23575,
23581,
23587,
23589,
23597,
23600,
23607,
23610,
23616,
23619,
23621,
23626,
23627,
23634,
23638,
23649,
23650,
23653,
23655,
23657,
23663,
23669,
23670,
23674,
23676,
23677,
23679,
23681,
23690,
23704,
23712,
23715,
23716,
23718,
23721,
23728,
23734,
23739,
23744,
23751,
23752,
23756,
23762,
23763,
23789,
23794,
23798,
23807,
23814,
23823,
23824,
23825,
23826,
23828,
23831,
23834,
23838,
23856,
23868,
23876,
23879,
23880,
23881,
23883,
23890,
23894,
23899,
23901,
23909,
23914,
23917,
23921,
23923,
23929,
23933,
23934,
23936,
23944,
23946,
23947,
23951,
23955,
23956,
23967,
23973,
23974,
23977,
23980,
23988,
23991,
23998,
24003,
24011,
24024,
24033,
24037,
24040,
24041,
24055,
24062,
24064,
24069,
24072,
24076,
24083,
24085,
24086,
24090,
24095,
24104,
24105,
24107,
24111,
24112,
24123,
24130,
24134,
24140,
24153,
24155,
24156,
24170,
24172,
24187,
24195,
24201,
24206,
24210,
24211,
24219,
24223,
24229,
24241,
24256,
24266,
24268,
24269,
24276,
24277,
24282,
24291,
24293,
24295,
24296,
24301,
24304,
24312,
24315,
24316,
24324,
24325,
24327,
24328,
24329,
24332,
24333,
24337,
24342,
24343,
24346,
24347,
24354,
24358,
24362,
24366,
24373,
24375,
24383,
24384,
24387,
24390,
24399,
24407,
24421,
24423,
24427,
24430,
24437,
24449,
24452,
24453,
24456,
24461,
24463,
24464,
24469,
24477,
24479,
24486,
24493,
24509,
24516,
24517,
24523,
24528,
24533,
24535,
24537,
24548,
24549,
24552,
24561,
24562,
24567,
24590,
24608,
24609,
24615,
24619,
24620,
24623,
24637,
24643,
24649,
24658,
24659,
24662,
24667,
24670,
24689,
24692,
24693,
24697,
24705,
24709,
24712,
24716,
24722,
24729,
24730,
24733,
24742,
24744,
24747,
24759,
24762,
24769,
24770,
24771,
24782,
24795,
24798,
24799,
24805,
24806,
24812,
24816,
24820,
24822,
24823,
24829,
24832,
24833,
24834,
24844,
24845,
24848,
24853,
24854,
24857,
24859,
24877,
24882,
24883,
24884,
24887,
24888,
24892,
24897,
24906,
24908,
24910,
24915,
24922,
24925,
24927,
24928,
24934,
24939,
24970,
24975,
24977,
24979,
24986,
25002,
25004,
25010,
25016,
25020,
25022,
25024,
25028,
25032,
25038,
25043,
25047,
25048,
25064,
25066,
25068,
25076,
25079,
25081,
25082,
25092,
25093,
25095,
25108,
25117,
25119,
25120,
25121,
25137,
25149,
25153,
25154,
25161,
25166,
25167,
25169,
25171,
25173,
25176,
25186,
25195,
25200,
25204,
25206,
25224,
25228,
25229,
25245,
25254,
25256,
25257,
25263,
25264,
25269,
25271,
25281,
25292,
25307,
25313,
25314,
25321,
25322,
25323,
25325,
25328,
25329,
25332,
25338,
25350,
25358,
25360,
25363,
25393,
25407,
25410,
25411,
25420,
25422,
25433,
25439,
25444,
25448,
25478,
25479,
25482,
25483,
25505,
25507,
25509,
25515,
25532,
25537,
25558,
25560,
25564,
25572,
25574,
25587,
25609,
25631,
25647,
25649,
25652,
25669,
25672,
25673,
25677,
25681,
25686,
25700,
25702,
25706,
25707,
25723,
25727,
25730,
25739,
25750,
25759,
25763,
25764,
25767,
25771,
25789,
25800,
25806,
25812,
25823,
25825,
25848,
25850,
25863,
25872,
25881,
25885,
25889,
25894,
25897,
25898,
25900,
25901,
25904,
25907,
25908,
25921,
25922,
25928,
25929,
25933,
25938,
25949,
25957,
25972,
25979,
25980,
25981,
25982,
25988,
25989,
25993,
25996,
25998,
26006,
26013,
26014,
26020,
26021,
26024,
26025,
26037,
26044,
26047,
26049,
26055,
26066,
26069,
26070,
26077,
26078,
26086,
26087,
26089,
26101,
26102,
26104,
26109,
26116,
26128,
26130,
26136,
26137,
26140,
26143,
26146,
26149,
26150,
26151,
26155,
26159,
26165,
26166,
26169,
26170,
26176,
26177,
26180,
26183,
26186,
26188,
26191,
26196,
26201,
26205,
26216,
26218,
26222,
26223,
26225,
26228,
26244,
26250,
26253,
26262,
26265,
26267,
26273,
26285,
26292,
26297,
26298,
26303,
26306,
26308,
26311,
26312,
26313,
26325,
26347,
26350,
26353,
26371,
26374,
26378,
26380,
26384,
26392,
26397,
26399,
26401,
26403,
26404,
26411,
26414,
26422,
26423,
26426,
26435,
26436,
26440,
26444,
26448,
26460,
26463,
26466,
26479,
26480,
26482,
26485,
26488,
26492,
26494,
26502,
26503,
26507,
26511,
26524,
26527,
26536,
26541,
26549,
26561,
26571,
26580,
26582,
26585,
26592,
26597,
26600,
26606,
26610,
26620,
26630,
26638,
26645,
26647,
26650,
26651,
26668,
26671,
26672,
26674,
26677,
26685,
26686,
26700,
26709,
26710,
26713,
26715,
26716,
26718,
26724,
26727,
26729,
26736,
26739,
26743,
26751,
26753,
26769,
26776,
26777,
26798,
26802,
26804,
26805,
26823,
26825,
26827,
26829,
26830,
26832,
26850,
26859,
26874,
26881,
26891,
26903,
26908,
26909,
26912,
26920,
26921,
26923,
26930,
26931,
26934,
26935,
26936,
26949,
26950,
26953,
26955,
26957,
26958,
26960,
26963,
26964,
26966,
26982,
26987,
26995,
27006,
27013,
27014,
27022,
27026,
27034,
27036,
27039,
27055,
27061,
27062,
27071,
27072,
27081,
27084,
27090,
27092,
27098,
27102,
27104,
27110,
27111,
27114,
27115,
27123,
27126,
27127,
27131,
27137,
27152,
27157,
27159,
27169,
27174,
27176,
27178,
27179,
27185,
27186,
27187,
27189,
27191,
27194,
27202,
27206,
27217,
27222,
27231,
27236,
27243,
27246,
27252,
27254,
27265,
27267,
27270,
27273,
27274,
27275,
27280,
27284,
27287,
27294,
27297,
27305,
27306,
27311,
27332,
27339,
27341,
27344,
27347,
27351,
27362,
27366,
27367,
27372,
27382,
27384,
27385,
27394,
27398,
27399,
27402,
27403,
27411,
27414,
27416,
27420,
27421,
27431,
27434,
27438,
27440,
27444,
27452,
27458,
27464,
27467,
27476,
27481,
27482,
27483,
27491,
27493,
27495,
27501,
27502,
27511,
27513,
27525,
27526,
27532,
27542,
27549,
27556,
27560,
27563,
27564,
27573,
27577,
27587,
27588,
27595,
27596,
27598,
27600,
27601,
27603,
27604,
27609,
27612,
27614,
27621,
27624,
27626,
27627,
27638,
27645,
27649,
27652,
27656,
27661,
27673,
27678,
27682,
27684,
27686,
27690,
27706,
27708,
27712,
27714,
27715,
27720,
27728,
27737,
27743,
27751,
27756,
27760,
27771,
27778,
27788,
27791,
27793,
27797,
27807,
27820,
27825,
27826,
27827,
27842,
27845,
27856,
27858,
27868,
27870,
27871,
27873,
27875,
27877,
27883,
27885,
27893,
27932,
27934,
27941,
27946,
27950,
27953,
27963,
27979,
27989,
27990,
27992,
27993,
27998,
28002,
28003,
28004,
28008,
28011,
28014,
28022,
28023,
28030,
28042,
28047,
28050,
28055,
28063,
28065,
28075,
28079,
28083,
28086,
28098,
28101,
28109,
28115,
28121,
28124,
28130,
28147,
28151,
28152,
28153,
28158,
28159,
28164,
28169,
28176,
28180,
28181,
28183,
28198,
28201,
28207,
28219,
28227,
28248,
28254,
28266,
28269,
28270,
28279,
28284,
28294,
28297,
28311,
28323,
28329,
28331,
28332,
28333,
28335,
28339,
28345,
28349,
28350,
28354,
28358,
28364,
28368,
28373,
28381,
28396,
28404,
28406,
28421,
28423,
28424,
28427,
28436,
28438,
28446,
28449,
28451,
28460,
28465,
28467,
28468,
28474,
28489,
28490,
28508,
28509,
28513,
28521,
28528,
28538,
28539,
28550,
28561,
28564,
28577,
28580,
28586,
28591,
28596,
28607,
28611,
28615,
28618,
28624,
28628,
28634,
28636,
28637,
28641,
28646,
28653,
28660,
28663,
28677,
28678,
28683,
28690,
28695,
28705,
28717,
28720,
28737,
28743,
28749,
28752,
28757,
28766,
28773,
28783,
28785,
28793,
28795,
28799,
28800,
28801,
28817,
28826,
28841,
28842,
28849,
28854,
28857,
28860,
28869,
28872,
28874,
28876,
28884,
28889,
28893,
28894,
28895,
28902,
28912,
28913,
28922,
28925,
28936,
28941,
28954,
28955,
28965,
28971,
28975,
28981,
28982,
28989,
28997,
29006,
29013,
29014,
29019,
29020,
29021,
29024,
29035,
29037,
29041,
29050,
29055,
29056,
29057,
29058,
29061,
29069,
29072,
29073,
29076,
29080,
29086,
29089,
29090,
29093,
29094,
29099,
29101,
29102,
29103,
29119,
29120,
29121,
29131,
29132,
29145,
29157,
29167,
29170,
29175,
29178,
29180,
29189,
29197,
29200,
29201,
29207,
29216,
29217,
29236,
29238,
29244,
29246,
29260,
29265,
29267,
29268,
29274,
29283,
29284,
29287,
29300,
29301,
29307,
29309,
29310,
29313,
29314,
29322,
29326,
29334,
29342,
29344,
29351,
29355,
29358,
29363,
29368,
29377,
29381,
29385,
29386,
29402,
29407,
29408,
29417,
29425,
29430,
29437,
29438,
29441,
29442,
29446,
29447,
29451,
29453,
29471,
29474,
29475,
29480,
29483,
29495,
29502,
29504,
29507,
29508,
29509,
29511,
29516,
29520,
29521,
29538,
29541,
29547,
29550,
29551,
29557,
29558,
29562,
29576,
29579,
29588,
29592,
29593,
29595,
29599,
29605,
29614,
29616,
29617,
29620,
29623,
29624,
29631,
29633,
29635,
29645,
29647,
29654,
29660,
29662,
29670,
29671,
29672,
29677,
29688,
29690,
29691,
29695,
29696,
29706,
29726,
29733,
29739,
29742,
29747,
29748,
29750,
29754,
29755,
29762,
29764,
29766,
29768,
29770,
29780,
29784,
29797,
29806,
29808,
29811,
29828,
29831,
29832,
29833,
29840,
29844,
29854,
29882,
29884,
29890,
29895,
29896,
29902,
29910,
29918,
29920,
29922,
29925,
29927,
29932,
29934,
29939,
29942,
29958,
29965,
29967,
29977,
29978,
29991,
30009,
30014,
30021,
30033,
30054,
30056,
30057,
30071,
30079,
30085,
30087,
30093,
30116,
30118,
30119,
30122,
30125,
30129,
30143,
30144,
30147,
30153,
30154,
30167,
30168,
30169,
30171,
30176,
30179,
30182,
30193,
30194,
30201,
30219,
30220,
30225,
30227,
30232,
30233,
30234,
30237,
30245,
30247,
30252,
30255,
30267,
30270,
30275,
30276,
30278,
30282,
30283,
30285,
30294,
30297,
30298,
30299,
30300,
30303,
30309,
30311,
30316,
30321,
30328,
30329,
30331,
30334,
30336,
30337,
30354,
30356,
30362,
30365,
30373,
30379,
30392,
30412,
30430,
30436,
30448,
30454,
30463,
30476,
30477,
30481,
30482,
30495,
30501,
30510,
30515,
30517,
30523,
30529,
30532,
30548,
30549,
30553,
30558,
30563,
30574,
30585,
30591,
30594,
30595,
30607,
30611,
30612,
30613,
30615,
30638,
30642,
30664,
30666,
30669,
30674,
30675,
30689,
30694,
30698,
30701,
30705,
30731,
30737,
30743,
30747,
30752,
30759,
30771,
30778,
30780,
30785,
30797,
30803,
30822,
30825,
30832,
30835,
30840,
30843,
30853,
30869,
30870,
30873,
30875,
30879,
30887,
30891,
30892,
30902,
30904,
30909,
30913,
30918,
30920,
30932,
30934,
30938,
30939,
30942,
30947,
30949,
30953,
30955,
30964,
30969,
30975,
30980,
30988,
31000,
31002,
31007,
31009,
31012,
31019,
31029,
31030,
31043,
31052,
31057,
31059,
31071,
31074,
31079,
31082,
31085,
31088,
31089,
31091,
31093,
31094,
31095,
31101,
31110,
31114,
31118,
31129,
31139,
31148,
31151,
31155,
31156,
31158,
31159,
31169,
31185,
31189,
31190,
31191,
31199,
31200,
31201,
31204,
31205,
31206,
31210,
31230,
31231,
31238,
31241,
31244,
31248,
31265,
31266,
31267,
31275,
31288,
31290,
31293,
31294,
31300,
31306,
31307,
31314,
31318,
31327,
31335,
31337,
31339,
31343,
31349,
31350,
31352,
31353,
31356,
31359,
31362,
31363,
31365,
31369,
31377,
31381,
31388,
31390,
31392,
31393,
31396,
31406,
31417,
31418,
31425,
31426,
31433,
31437,
31438,
31459,
31462,
31464,
31467,
31470,
31475,
31478,
31485,
31489,
31494,
31503,
31506,
31508,
31515,
31516,
31521,
31525,
31529,
31537,
31549,
31555,
31557,
31560,
31564,
31569,
31574,
31584,
31590,
31595,
31598,
31604,
31610,
31611,
31612,
31624,
31631,
31637,
31639,
31651,
31657,
31662,
31663,
31674,
31689,
31696,
31697,
31701,
31702,
31706,
31707,
31711,
31712,
31718,
31722,
31723,
31724,
31732,
31742,
31745,
31752,
31754,
31759,
31780,
31787,
31789,
31792,
31796,
31802,
31805,
31809,
31813,
31814,
31819,
31824,
31827,
31830,
31833,
31856,
31862,
31866,
31870,
31876,
31880,
31881,
31894,
31897,
31899,
31904,
31915,
31919,
31925,
31927,
31929,
31936,
31952,
31956,
31960,
31969,
31983,
31987,
31991,
32001,
32015,
32016,
32023,
32027,
32029,
32031,
32032,
32035,
32047,
32073,
32074,
32080,
32082,
32091,
32094,
32098,
32105,
32108,
32110,
32112,
32113,
32115,
32119,
32122,
32132,
32134,
32141,
32158,
32168,
32171,
32173,
32175,
32176,
32182,
32190,
32198,
32203,
32207,
32209,
32218,
32219,
32220,
32222,
32231,
32233,
32235,
32241,
32261,
32262,
32264,
32267,
32269,
32271,
32272,
32274,
32276,
32278,
32281,
32282,
32284,
32291,
32295,
32298,
32300,
32305,
32312,
32322,
32323,
32334,
32344,
32347,
32368,
32379,
32380,
32389,
32390,
32394,
32399,
32400,
32401,
32413,
32415,
32417,
32418,
32419,
32421,
32423,
32431,
32444,
32449,
32453,
32462,
32464,
32467,
32469,
32470,
32476,
32477,
32484,
32493,
32499,
32509,
32519,
32525,
32533,
32537,
32552,
32555,
32559,
32563,
32571,
32573,
32584,
32587,
32588,
32590,
32592,
32593,
32594,
32596,
32612,
32619,
32625,
32627,
32635,
32639,
32642,
32647,
32658,
32659,
32663,
32675,
32679,
32682,
32687,
32688,
32689,
32694,
32702,
32703,
32704,
32707,
32715,
32725,
32730,
32734,
32736,
32739,
32743,
32744,
32749,
32753,
32757,
32759,
32765,
32769,
32770,
32771,
32788,
32790,
32792,
32796,
32798,
32801,
32803,
32808,
32839,
32841,
32846,
32849,
32859,
32860,
32868,
32886,
32887,
32890,
32891,
32895,
32896,
32902,
32903,
32905,
32907,
32909,
32922,
32928,
32930,
32935,
32936,
32944,
32948,
32950,
32954,
32959,
32973,
32974,
32979,
32981,
32984,
32989,
32998,
32999,
33002,
33004,
33005,
33013,
33016,
33022,
33029,
33031,
33035,
33039,
33043,
33053,
33057,
33060,
33066,
33071,
33076,
33077,
33085,
33092,
33098,
33102,
33105,
33106,
33111,
33112,
33114,
33118,
33128,
33148,
33150,
33152,
33162,
33163,
33165,
33167,
33174,
33182,
33184,
33187,
33190,
33196,
33205,
33206,
33210,
33211,
33215,
33226,
33229,
33231,
33232,
33236,
33239,
33240,
33244,
33245,
33250,
33257,
33261,
33277,
33285,
33300,
33310,
33315,
33317,
33326,
33327,
33332,
33337,
33339,
33340,
33341,
33346,
33351,
33352,
33357,
33360,
33364,
33365,
33367,
33371,
33376,
33377,
33389,
33392,
33398,
33403,
33409,
33412,
33415,
33416,
33423,
33424,
33425,
33427,
33431,
33434,
33439,
33443,
33445,
33448,
33451,
33455,
33461,
33466,
33472,
33492,
33497,
33516,
33519,
33521,
33525,
33536,
33537,
33543,
33544,
33546,
33549,
33552,
33566,
33577,
33581,
33584,
33599,
33602,
33611,
33614,
33628,
33633,
33635,
33637,
33642,
33643,
33644,
33653,
33669,
33674,
33680,
33688,
33690,
33691,
33693,
33695,
33697,
33700,
33702,
33704,
33707,
33708,
33711,
33718,
33719,
33720,
33733,
33735,
33741,
33742,
33746,
33750,
33754,
33756,
33760,
33761,
33773,
33775,
33778,
33781,
33786,
33791,
33795,
33796,
33808,
33810,
33815,
33838,
33840,
33842,
33853,
33854,
33856,
33859,
33864,
33868,
33878,
33882,
33887,
33893,
33901,
33908,
33913,
33914,
33916,
33950,
33951,
33952,
33954,
33955,
33962,
33972,
33976,
33981,
33984,
33987,
33989,
33993,
33996,
33997,
34010,
34013,
34016,
34023,
34031,
34035,
34038,
34040,
34042,
34046,
34051,
34053,
34055,
34058,
34061,
34068,
34073,
34076,
34083,
34084,
34085,
34088,
34091,
34098,
34104,
34115,
34120,
34129,
34135,
34139,
34149,
34155,
34168,
34180,
34188,
34190,
34194,
34199,
34202,
34205,
34207,
34210,
34213,
34218,
34226,
34228,
34229,
34231,
34233,
34236,
34242,
34243,
34257,
34268,
34273,
34276,
34285,
34288,
34296,
34300,
34307,
34330,
34332,
34336,
34345,
34346,
34347,
34348,
34351,
34357,
34358,
34361,
34401,
34402,
34409,
34414,
34419,
34424,
34429,
34430,
34432,
34433,
34441,
34442,
34443,
34444,
34456,
34457,
34460,
34461,
34468,
34476,
34478,
34484,
34485,
34495,
34504,
34508,
34517,
34523,
34529,
34532,
34534,
34535,
34536,
34537,
34542,
34543,
34553,
34555,
34558,
34563,
34566,
34575,
34585,
34594,
34595,
34602,
34608,
34611,
34624,
34634,
34639,
34643,
34645,
34646,
34650,
34652,
34656,
34668,
34671,
34672,
34690,
34695,
34704,
34705,
34727,
34734,
34738,
34754,
34756,
34757,
34759,
34772,
34775,
34779,
34787,
34789,
34791,
34794,
34798,
34799,
34819,
34824,
34827,
34833,
34834,
34836,
34837,
34841,
34842,
34849,
34850,
34851,
34854,
34860,
34861,
34865,
34866,
34868,
34876,
34888,
34896,
34898,
34902,
34905,
34911,
34913,
34916,
34917,
34963,
34970,
34984,
34985,
34990,
34995,
34997,
35004,
35013,
35014,
35023,
35026,
35031,
35035,
35039,
35041,
35046,
35047,
35048,
35051,
35057,
35067,
35086,
35087,
35097,
35099,
35103,
35108,
35112,
35115,
35117,
35123,
35135,
35148,
35153,
35159,
35160,
35164,
35165,
35167,
35188,
35190,
35196,
35200,
35201,
35203,
35207,
35208,
35221,
35239,
35242,
35245,
35246,
35248,
35251,
35256,
35257,
35259,
35270,
35272,
35278,
35288,
35289,
35293,
35301,
35302,
35303,
35309,
35310,
35322,
35327,
35328,
35329,
35331,
35336,
35345,
35351,
35354,
35356,
35362,
35363,
35376,
35381,
35390,
35399,
35400,
35413,
35425,
35428,
35431,
35435,
35436,
35442,
35443,
35451,
35456,
35461,
35462,
35464,
35469,
35471,
35474,
35480,
35481,
35482,
35483,
35488,
35490,
35492,
35496,
35504,
35505,
35517,
35518,
35530,
35533,
35534,
35535,
35537,
35546,
35547,
35549,
35570,
35573,
35576,
35584,
35590,
35599,
35602,
35608,
35609,
35610,
35611,
35612,
35613,
35615,
35616,
35623,
35629,
35657,
35663,
35666,
35668,
35671,
35674,
35675,
35681,
35685,
35690,
35693,
35694,
35699,
35700,
35703,
35711,
35713,
35733,
35742,
35743,
35754,
35755,
35758,
35763,
35764,
35790,
35791,
35792,
35802,
35803,
35813,
35824,
35825,
35835,
35844,
35848,
35850,
35852,
35854,
35873,
35885,
35886,
35892,
35898,
35920,
35931,
35935,
35942,
35945,
35963,
35967,
35978,
35989,
35992,
35994,
36003,
36014,
36015,
36017,
36023,
36028,
36029,
36030,
36040,
36041,
36057,
36068,
36070,
36073,
36077,
36078,
36083,
36088,
36089,
36097,
36098,
36107,
36112,
36115,
36119,
36126,
36133,
36158,
36165,
36167,
36172,
36173,
36182,
36185,
36186,
36196,
36197,
36207,
36212,
36215,
36218,
36222,
36236,
36238,
36247,
36248,
36249,
36252,
36256,
36258,
36260,
36262,
36265,
36271,
36274,
36281,
36285,
36289,
36292,
36300,
36301,
36307,
36310,
36311,
36329,
36337,
36340,
36345,
36347,
36349,
36357,
36362,
36372,
36376,
36382,
36384,
36386,
36388,
36390,
36397,
36398,
36401,
36408,
36410,
36413,
36421,
36433,
36436,
36447,
36456,
36459,
36461,
36462,
36463,
36465,
36471,
36477,
36486,
36488,
36489,
36500,
36502,
36503,
36505,
36511,
36514,
36516,
36517,
36522,
36525,
36531,
36539,
36549,
36551,
36553,
36560,
36572,
36574,
36576,
36577,
36579,
36580,
36604,
36619,
36620,
36632,
36639,
36648,
36651,
36655,
36657,
36658,
36662,
36663,
36667,
36675,
36690,
36698,
36701,
36703,
36722,
36729,
36742,
36746,
36749,
36750,
36752,
36756,
36757,
36768,
36770,
36777,
36788,
36789,
36793,
36801,
36813,
36816,
36817,
36820,
36825,
36828,
36831,
36832,
36833,
36836,
36855,
36856,
36857,
36858,
36870,
36875,
36876,
36880,
36883,
36887,
36889,
36894,
36898,
36900,
36903,
36907,
36922,
36924,
36930,
36937,
36943,
36944,
36961,
36973,
36977,
36983,
36994,
36997,
37002,
37004,
37005,
37014,
37018,
37019,
37020,
37026,
37034,
37035,
37040,
37045,
37050,
37059,
37071,
37073,
37079,
37085,
37086,
37122,
37125,
37132,
37143,
37148,
37149,
37152,
37155,
37159,
37165,
37169,
37174,
37175,
37192,
37196,
37197,
37198,
37206,
37208,
37213,
37214,
37215,
37219,
37220,
37225,
37231,
37233,
37237,
37239,
37240,
37242,
37243,
37244,
37248,
37257,
37265,
37281,
37283,
37286,
37292,
37294,
37295,
37300,
37301,
37309,
37311,
37318,
37319,
37335,
37336,
37342,
37347,
37350,
37356,
37357,
37358,
37362,
37367,
37375,
37376,
37377,
37379,
37380,
37382,
37389,
37395,
37398,
37400,
37402,
37403,
37406,
37407,
37413,
37414,
37418,
37428,
37429,
37432,
37435,
37436,
37440,
37444,
37446,
37448,
37450,
37452,
37456,
37457,
37473,
37475,
37477,
37480,
37482,
37489,
37494,
37497,
37499,
37501,
37505,
37508,
37509,
37511,
37512,
37518,
37519,
37520,
37521,
37538,
37540,
37546,
37552,
37563,
37568,
37572,
37574,
37598,
37599,
37601,
37603,
37604,
37609,
37615,
37620,
37621,
37622,
37636,
37640,
37644,
37645,
37650,
37651,
37657,
37659,
37663,
37664,
37668,
37670,
37672,
37687,
37692,
37701,
37704,
37712,
37714,
37724,
37726,
37729,
37734,
37744,
37745,
37756,
37761,
37763,
37767,
37779,
37788,
37797,
37800,
37804,
37805,
37806,
37807,
37808,
37809,
37816,
37817,
37822,
37823,
37824,
37830,
37836,
37837,
37845,
37848,
37850,
37852,
37864,
37872,
37876,
37879,
37885,
37896,
37897,
37908,
37929,
37930,
37931,
37935,
37938,
37943,
37958,
37979,
37982,
37983,
37985,
37992,
37994,
37996,
37997,
38004,
38006,
38007,
38012,
38013,
38014,
38015,
38020,
38029,
38042,
38045,
38052,
38057,
38061,
38066,
38076,
38077,
38078,
38097,
38098,
38102,
38110,
38111,
38114,
38120,
38121,
38125,
38136,
38138,
38141,
38142,
38147,
38160,
38166,
38169,
38170,
38173,
38181,
38183,
38187,
38188,
38194,
38203,
38209,
38218,
38226,
38233,
38235,
38238,
38251,
38255,
38256,
38259,
38262,
38268,
38271,
38277,
38284,
38292,
38296,
38297,
38299,
38301,
38302,
38305,
38308,
38311,
38318,
38329,
38332,
38334,
38335,
38337,
38338,
38340,
38342,
38349,
38350,
38362,
38367,
38372,
38375,
38382,
38388,
38391,
38392,
38396,
38397,
38399,
38403,
38414,
38417,
38419,
38421,
38432,
38435,
38437,
38438,
38446,
38448,
38455,
38460,
38464,
38468,
38481,
38492,
38494,
38502,
38503,
38504,
38509,
38514,
38522,
38541,
38544,
38551,
38555,
38557,
38562,
38567,
38572,
38574,
38576,
38582,
38586,
38593,
38597,
38599,
38607,
38608,
38629,
38634,
38636,
38643,
38647,
38648,
38655,
38658,
38659,
38662,
38663,
38671,
38675,
38677,
38679,
38682,
38685,
38688,
38690,
38694,
38705,
38709,
38710,
38715,
38717,
38724,
38726,
38739,
38740,
38744,
38752,
38761,
38771,
38773,
38779,
38784,
38790,
38794,
38801,
38812,
38818,
38836,
38840,
38843,
38848,
38858,
38865,
38866,
38868,
38870,
38883,
38884,
38895,
38903,
38907,
38915,
38923,
38928,
38930,
38933,
38934,
38941,
38947,
38952,
38955,
38956,
38962,
38964,
38969,
38972,
38978,
38979,
38982,
38985,
38991,
38994,
38997,
39000,
39006,
39013,
39015,
39021,
39024,
39041,
39054,
39064,
39070,
39073,
39074,
39080,
39090,
39092,
39096,
39099,
39106,
39114,
39120,
39121,
39122,
39134,
39136,
39140,
39146,
39154,
39155,
39179,
39182,
39189,
39196,
39202,
39203,
39214,
39223,
39227,
39234,
39236,
39245,
39252,
39253,
39255,
39259,
39263,
39270,
39271,
39274,
39276,
39278,
39279,
39284,
39288,
39290,
39291,
39292,
39294,
39295,
39300,
39301,
39302,
39307,
39311,
39312,
39316,
39324,
39327,
39328,
39331,
39335,
39337,
39340,
39341,
39343,
39346,
39348,
39349,
39350,
39351,
39352,
39356,
39358,
39359,
39363,
39372,
39376,
39377,
39380,
39386,
39389,
39390,
39391,
39393,
39395,
39404,
39407,
39409,
39410,
39417,
39420,
39422,
39436,
39438,
39440,
39451,
39453,
39455,
39457,
39458,
39460,
39463,
39470,
39474,
39476,
39478,
39485,
39489,
39493,
39501,
39504,
39512,
39516,
39517,
39524,
39527,
39529,
39537,
39538,
39539,
39541,
39547,
39551,
39552,
39554,
39558,
39561,
39567,
39569,
39580,
39581,
39583,
39593,
39612,
39615,
39617,
39624,
39626,
39627,
39628,
39630,
39634,
39636,
39638,
39644,
39647,
39649,
39654,
39656,
39663,
39675,
39700,
39701,
39703,
39709,
39714,
39727,
39736,
39742,
39750,
39756,
39758,
39761,
39764,
39765,
39769,
39770,
39771,
39772,
39773,
39777,
39782,
39791,
39793,
39794,
39796,
39798,
39805,
39808,
39814,
39821,
39827,
39829,
39830,
39836,
39842,
39844,
39846,
39848,
39849,
39850,
39856,
39857,
39860,
39864,
39865,
39871,
39876,
39881,
39889,
39894,
39896,
39902,
39903,
39911,
39913,
39928,
39930,
39945,
39951,
39962,
39963,
39978,
39981,
39991,
39995,
40007,
40008,
40009,
40022,
40031,
40033,
40035,
40039,
40047,
40049,
40052,
40053,
40059,
40061,
40062,
40064,
40076,
40080,
40087,
40091,
40092,
40108,
40113,
40114,
40115,
40126,
40141,
40144,
40147,
40151,
40153,
40155,
40161,
40163,
40165,
40170,
40171,
40173,
40180,
40184,
40190,
40192,
40193,
40196,
40197,
40212,
40219,
40228,
40229,
40236,
40238,
40241,
40247,
40249,
40255,
40262,
40268,
40269,
40287,
40291,
40309,
40319,
40327,
40329,
40331,
40335,
40341,
40352,
40355,
40356,
40357,
40360,
40374,
40376,
40382,
40387,
40392,
40396,
40400,
40402,
40403,
40406,
40407,
40411,
40418,
40421,
40423,
40426,
40428,
40433,
40435,
40453,
40460,
40470,
40477,
40480,
40482,
40483,
40490,
40492,
40498,
40499,
40503,
40513,
40520,
40521,
40526,
40534,
40548,
40549,
40561,
40565,
40568,
40579,
40583,
40591,
40600,
40603,
40608,
40612,
40616,
40617,
40619,
40623,
40624,
40626,
40629,
40638,
40649,
40651,
40667,
40676,
40682,
40696,
40700,
40701,
40722,
40730,
40731,
40741,
40749,
40759,
40762,
40770,
40777,
40788,
40793,
40795,
40803,
40813,
40817,
40819,
40820,
40822,
40828,
40830,
40834,
40835,
40839,
40840,
40844,
40845,
40848,
40852,
40853,
40855,
40859,
40860,
40865,
40874,
40876,
40878,
40886,
40887,
40888,
40891,
40895,
40903,
40904,
40918,
40935,
40945,
40949,
40950,
40963,
40967,
40972,
40977,
40982,
40987,
40989,
40994,
40995,
40998,
41014,
41016,
41021,
41027,
41028,
41032,
41036,
41043,
41052,
41063,
41074,
41075,
41079,
41080,
41083,
41087,
41090,
41099,
41100,
41101,
41102,
41104,
41111,
41127,
41128,
41147,
41158,
41159,
41168,
41177,
41182,
41183,
41189,
41190,
41192,
41198,
41201,
41206,
41210,
41219,
41232,
41234,
41245,
41251,
41259,
41264,
41269,
41278,
41286,
41287,
41292,
41294,
41297,
41299,
41303,
41309,
41313,
41318,
41321,
41322,
41325,
41328,
41332,
41340,
41352,
41353,
41354,
41357,
41359,
41363,
41377,
41379,
41382,
41384,
41385,
41407,
41438,
41441,
41455,
41457,
41463,
41472,
41475,
41477,
41495,
41497,
41502,
41508,
41509,
41513,
41517,
41519,
41523,
41537,
41539,
41554,
41573,
41580,
41582,
41587,
41590,
41591,
41610,
41621,
41625,
41628,
41633,
41636,
41645,
41647,
41653,
41659,
41661,
41666,
41671,
41683,
41692,
41698,
41699,
41706,
41721,
41726,
41727,
41745,
41746,
41748,
41753,
41754,
41758,
41771,
41782,
41786,
41787,
41790,
41792,
41793,
41800,
41801,
41805,
41809,
41812,
41819,
41833,
41842,
41843,
41853,
41860,
41862,
41872,
41873,
41876,
41881,
41884,
41885,
41887,
41889,
41893,
41894,
41897,
41898,
41912,
41917,
41918,
41920,
41927,
41935,
41938,
41941,
41945,
41948,
41951,
41955,
41958,
41961,
41964,
41965,
41971,
41981,
41984,
41995,
41998,
42000,
42010,
42013,
42016,
42025,
42028,
42029,
42038,
42040,
42042,
42047,
42048,
42050,
42058,
42059,
42060,
42071,
42072,
42079,
42080,
42084,
42087,
42091,
42093,
42094,
42099,
42100,
42102,
42108,
42112,
42121,
42122,
42124,
42134,
42138,
42143,
42148,
42149,
42162,
42166,
42167,
42175,
42177,
42178,
42182,
42184,
42191,
42193,
42198,
42199,
42206,
42207,
42212,
42215,
42217,
42227,
42235,
42236,
42249,
42250,
42255,
42267,
42295,
42308,
42310,
42313,
42315,
42316,
42318,
42333,
42336,
42337,
42338,
42357,
42358,
42365,
42380,
42381,
42382,
42389,
42395,
42398,
42408,
42432,
42433,
42434,
42439,
42445,
42453,
42457,
42461,
42464,
42470,
42472,
42473,
42479,
42483,
42485,
42490,
42509,
42512,
42513,
42519,
42524,
42527,
42530,
42536,
42537,
42545,
42546,
42554,
42560,
42567,
42568,
42569,
42574,
42577,
42582,
42584,
42599,
42604,
42620,
42630,
42632,
42633,
42635,
42649,
42656,
42658,
42660,
42665,
42668,
42679,
42681,
42685,
42695,
42698,
42717,
42720,
42721,
42722,
42747,
42749,
42752,
42758,
42764,
42767,
42768,
42772,
42777,
42782,
42794,
42797,
42811,
42812,
42816,
42818,
42823,
42825,
42839,
42841,
42842,
42850,
42859,
42861,
42863,
42867,
42870,
42879,
42880,
42897,
42898,
42899,
42906,
42907,
42911,
42912,
42917,
42919,
42921,
42922,
42930,
42937,
42938,
42941,
42958,
42962,
42965,
42966,
42970,
42973,
42982,
42987,
42991,
43010,
43017,
43023,
43035,
43039,
43046,
43049,
43066,
43073,
43074,
43080,
43087,
43093,
43104,
43112,
43116,
43117,
43121,
43123,
43127,
43134,
43137,
43146,
43158,
43162,
43171,
43172,
43181,
43193,
43194,
43209,
43211,
43215,
43217,
43219,
43234,
43235,
43239,
43244,
43260,
43269,
43274,
43276,
43283,
43284,
43291,
43292,
43294,
43303,
43318,
43322,
43332,
43335,
43337,
43349,
43352,
43358,
43365,
43366,
43375,
43383,
43384,
43387,
43388,
43393,
43398,
43405,
43406,
43409,
43420,
43432,
43435,
43438,
43449,
43457,
43462,
43467,
43468,
43469,
43470,
43472,
43476,
43479,
43481,
43482,
43490,
43493,
43495,
43496,
43502,
43508,
43510,
43517,
43522,
43528,
43530,
43533,
43537,
43541,
43548,
43554,
43558,
43561,
43563,
43568,
43570,
43571,
43579,
43591,
43612,
43614,
43615,
43625,
43626,
43635,
43641,
43650,
43653,
43670,
43675,
43678,
43680,
43702,
43704,
43713,
43715,
43717,
43719,
43721,
43726,
43727,
43729,
43747,
43749,
43757,
43778,
43785,
43786,
43803,
43814,
43818,
43822,
43824,
43826,
43832,
43839,
43842,
43850,
43851,
43852,
43856,
43859,
43862,
43865,
43867,
43869,
43882,
43896,
43902,
43929,
43931,
43932,
43936,
43939,
43946,
43949,
43950,
43953,
43960,
43965,
43970,
43971,
43977,
43978,
43982,
43983,
43985,
43988,
43989,
43995,
43999,
44001,
44003,
44005,
44012,
44016,
44023,
44027,
44031,
44032,
44033,
44043,
44053,
44055,
44056,
44059,
44060,
44061,
44064,
44066,
44071,
44072,
44085,
44087,
44099,
44111,
44115,
44125,
44126,
44128,
44133,
44137,
44149,
44161,
44165,
44167,
44168,
44175,
44176,
44179,
44184,
44188,
44189,
44190,
44202,
44209,
44223,
44229,
44236,
44237,
44245,
44249,
44259,
44264,
44274,
44275,
44277,
44286,
44294,
44296,
44300,
44303,
44308,
44316,
44320,
44321,
44329,
44332,
44337,
44340,
44347,
44350,
44351,
44353,
44365,
44371,
44374,
44379,
44380,
44383,
44384,
44385,
44387,
44392,
44403,
44404,
44405,
44407,
44437,
44439,
44440,
44448,
44459,
44462,
44464,
44479,
44482,
44486,
44491,
44492,
44495,
44496,
44515,
44516,
44517,
44518,
44528,
44531,
44539,
44540,
44542,
44551,
44561,
44564,
44568,
44573,
44574,
44576,
44581,
44597,
44608,
44610,
44617,
44619,
44621,
44622,
44626,
44628,
44631,
44634,
44635,
44648,
44658,
44660,
44684,
44698,
44712,
44714,
44718,
44719,
44723,
44726,
44734,
44737,
44743,
44746,
44757,
44761,
44767,
44768,
44772,
44775,
44777,
44786,
44790,
44792,
44799,
44806,
44809,
44812,
44814,
44817,
44822,
44827,
44835,
44836,
44845,
44846,
44847,
44860,
44867,
44870,
44874,
44877,
44879,
44886,
44891,
44895,
44899,
44903,
44913,
44914,
44915,
44921,
44927,
44933,
44938,
44941,
44942,
44945,
44947,
44948,
44952,
44964,
44967,
44968,
44973,
44978,
44980,
44982,
44988,
44989,
44998,
45003,
45007,
45010,
45011,
45017,
45022,
45024,
45027,
45028,
45031,
45035,
45039,
45045,
45049,
45051,
45060,
45067,
45069,
45070,
45076,
45083,
45091,
45095,
45099,
45100,
45104,
45124,
45127,
45128,
45129,
45133,
45135,
45143,
45147,
45159,
45162,
45167,
45174,
45176,
45186,
45190,
45199,
45204,
45210,
45213,
45217,
45224,
45227,
45239,
45252,
45263,
45264,
45266,
45271,
45277,
45278,
45280,
45281,
45285,
45289,
45292,
45297,
45300,
45305,
45308,
45316,
45326,
45330,
45341,
45345,
45351,
45352,
45360,
45361,
45377,
45382,
45387,
45392,
45393,
45401,
45410,
45420,
45426,
45429,
45435,
45438,
45443,
45445,
45455,
45458,
45459,
45461,
45462,
45465,
45466,
45474,
45481,
45483,
45487,
45488,
45491,
45499,
45500,
45506,
45517,
45521,
45524,
45525,
45534,
45535,
45540,
45543,
45559,
45579,
45586,
45589,
45590,
45591,
45592,
45594,
45596,
45598,
45600,
45603,
45608,
45613,
45616,
45621,
45623,
45631,
45632,
45633,
45643,
45645,
45650,
45653,
45656,
45669,
45670,
45677,
45680,
45686,
45697,
45709,
45711,
45726,
45735,
45750,
45768,
45773,
45776,
45783,
45799,
45805,
45813,
45815,
45823,
45825,
45831,
45840,
45848,
45856,
45857,
45864,
45865,
45868,
45878,
45879,
45883,
45885,
45892,
45897,
45904,
45906,
45908,
45914,
45916,
45921,
45931,
45932,
45943,
45951,
45955,
45960,
45968,
45969,
45970,
45972,
45974,
45976,
45987,
45992,
45994,
45996,
46005,
46016,
46030,
46033,
46042,
46048,
46055,
46060,
46063,
46075,
46076,
46077,
46084,
46089,
46094,
46095,
46096,
46107,
46108,
46109,
46111,
46113,
46114,
46118,
46120,
46128,
46129,
46131,
46136,
46143,
46147,
46155,
46159,
46171,
46185,
46197,
46200,
46205,
46208,
46209,
46214,
46220,
46232,
46241,
46242,
46243,
46254,
46258,
46267,
46270,
46271,
46273,
46274,
46275,
46276,
46281,
46284,
46287,
46300,
46305,
46307,
46318,
46345,
46346,
46352,
46354,
46362,
46363,
46371,
46380,
46381,
46382,
46387,
46399,
46413,
46415,
46418,
46422,
46425,
46426,
46427,
46446,
46450,
46456,
46466,
46469,
46470,
46471,
46477,
46478,
46480,
46486,
46489,
46501,
46502,
46519,
46522,
46524,
46539,
46543,
46544,
46547,
46548,
46550,
46551,
46554,
46575,
46580,
46582,
46587,
46589,
46592,
46595,
46598,
46602,
46606,
46608,
46610,
46615,
46623,
46630,
46639,
46654,
46672,
46674,
46686,
46699,
46701,
46718,
46723,
46730,
46737,
46738,
46739,
46743,
46747,
46750,
46754,
46760,
46767,
46770,
46780,
46783,
46795,
46801,
46805,
46806,
46816,
46817,
46824,
46825,
46831,
46834,
46838,
46841,
46851,
46857,
46861,
46862,
46869,
46900,
46918,
46924,
46927,
46929,
46930,
46932,
46935,
46936,
46944,
46953,
46960,
46966,
46971,
46979,
46983,
46990,
47005,
47009,
47010,
47013,
47024,
47028,
47036,
47054,
47058,
47081,
47086,
47090,
47095,
47096,
47114,
47170,
47180,
47183,
47187,
47204,
47207,
47215,
47218,
47223,
47227,
47229,
47231,
47234,
47244,
47257,
47258,
47259,
47262,
47267,
47268,
47271,
47285,
47297,
47298,
47315,
47318,
47319,
47323,
47333,
47334,
47335,
47336,
47337,
47343,
47352,
47355,
47370,
47376,
47386,
47388,
47392,
47394,
47408,
47412,
47414,
47417,
47418,
47419,
47427,
47432,
47437,
47440,
47447,
47451,
47457,
47461,
47466,
47477,
47480,
47488,
47491,
47495,
47496,
47498,
47503,
47505,
47507,
47508,
47509,
47513,
47519,
47524,
47528,
47536,
47537,
47546,
47552,
47564,
47565,
47571,
47572,
47581,
47582,
47591,
47593,
47595,
47597,
47603,
47604,
47612,
47616,
47621,
47636,
47640,
47648,
47652,
47654,
47657,
47659,
47663,
47664,
47670,
47673,
47683,
47684,
47685,
47688,
47689,
47691,
47692,
47694,
47696,
47700,
47702,
47704,
47711,
47715,
47720,
47724,
47734,
47735,
47737,
47738,
47746,
47751,
47754,
47758,
47760,
47768,
47769,
47775,
47777,
47778,
47789,
47791,
47798,
47808,
47812,
47817,
47819,
47820,
47834,
47835,
47837,
47842,
47843,
47853,
47859,
47864,
47868,
47875,
47882,
47887,
47893,
47895,
47897,
47898,
47902,
47911,
47922,
47925,
47926,
47929,
47930,
47931,
47932,
47938,
47948,
47949,
47954,
47955,
47968,
47978,
47988,
47996,
48001,
48006,
48021,
48024,
48029,
48035,
48037,
48046,
48047,
48052,
48053,
48063,
48065,
48070,
48072,
48074,
48077,
48082,
48087,
48093,
48103,
48104,
48105,
48106,
48116,
48121,
48125,
48131,
48134,
48140,
48141,
48142,
48152,
48162,
48164,
48165,
48179,
48183,
48194,
48199,
48203,
48207,
48211,
48213,
48217,
48230,
48233,
48234,
48246,
48251,
48258,
48261,
48268,
48270,
48275,
48286,
48299,
48308,
48315,
48317,
48319,
48326,
48337,
48338,
48339,
48344,
48360,
48361,
48363,
48369,
48371,
48378,
48381,
48389,
48396,
48400,
48412,
48415,
48418,
48420,
48422,
48424,
48430,
48439,
48454,
48466,
48467,
48472,
48474,
48476,
48483,
48488,
48489,
48494,
48499,
48502,
48509,
48514,
48521,
48523,
48526,
48534,
48539,
48550,
48551,
48553,
48555,
48558,
48561,
48565,
48574,
48580,
48582,
48584,
48588,
48590,
48594,
48596,
48598,
48599,
48600,
48604,
48612,
48613,
48614,
48622,
48623,
48624,
48625,
48626,
48627,
48628,
48635,
48637,
48643,
48646,
48653,
48663,
48673,
48678,
48681,
48682,
48697,
48701,
48702,
48708,
48712,
48713,
48714,
48718,
48719,
48724,
48728,
48738,
48742,
48750,
48751,
48756,
48758,
48760,
48763,
48764,
48775,
48802,
48806,
48807,
48811,
48812,
48824,
48828,
48832,
48833,
48838,
48840,
48846,
48847,
48850,
48852,
48863,
48864,
48869,
48880,
48882,
48891,
48902,
48904,
48905,
48915,
48934,
48948,
48954,
48957,
48960,
48966,
48970,
48973,
48991,
48994,
48996,
48997,
48998,
48999,
49031,
49042,
49047,
49050,
49051,
49063,
49085,
49087,
49091,
49099,
49101,
49106,
49108,
49109,
49113,
49119,
49124,
49129,
49133,
49155,
49158,
49162,
49165,
49173,
49176,
49192,
49198,
49202,
49208,
49214,
49223,
49232,
49233,
49236,
49245,
49254,
49259,
49261,
49266,
49267,
49269,
49293,
49297,
49299,
49300,
49307,
49312,
49325,
49329,
49331,
49339,
49342,
49350,
49351,
49358,
49364,
49370,
49379,
49383,
49393,
49404,
49407,
49411,
49412,
49418,
49421,
49432,
49442,
49451,
49452,
49458,
49459,
49460,
49461,
49462,
49470,
49472,
49510,
49512,
49514,
49521,
49524,
49528,
49530,
49532,
49536,
49540,
49548,
49549,
49553,
49559,
49562,
49563,
49580,
49587,
49589,
49595,
49597,
49600,
49611,
49626,
49631,
49640,
49653,
49659,
49662,
49676,
49680,
49685,
49688,
49694,
49699,
49700,
49704,
49705,
49706,
49713,
49725,
49729,
49730,
49733,
49737,
49739,
49740,
49745,
49763,
49767,
49768,
49776,
49777,
49781,
49783,
49784,
49788,
49792,
49803,
49812,
49814,
49822,
49827,
49843,
49844,
49846,
49852,
49858,
49860,
49861,
49863,
49866,
49867,
49869,
49871,
49874,
49875,
49887,
49892,
49920,
49925,
49931,
49940,
49941,
49943,
49944,
49951,
49956,
49959,
49961,
49963,
49972,
49976,
49977,
49983,
49986,
49988,
49989,
49990,
50003,
50010,
50016,
50023,
50028,
50030,
50032,
50034,
50036,
50039,
50042,
50043,
50046,
50055,
50057,
50064,
50067,
50079,
50081,
50087,
50096,
50098,
50107,
50117,
50120,
50133,
50134,
50135,
50142,
50154,
50168,
50169,
50170,
50171,
50174,
50175,
50177,
50180,
50181,
50189,
50190,
50198,
50199,
50201,
50205,
50209,
50215,
50217,
50219,
50223,
50226,
50234,
50236,
50254,
50259,
50260,
50262,
50274,
50278,
50281,
50285,
50296,
50305,
50307,
50308,
50314,
50316,
50319,
50322,
50328,
50335,
50336,
50342,
50343,
50349,
50350,
50353,
50354,
50359,
50360,
50367,
50368,
50371,
50379,
50382,
50387,
50393,
50411,
50414,
50420,
50424,
50426,
50427,
50436,
50437,
50450,
50451,
50472,
50480,
50482,
50484,
50489,
50494,
50497,
50498,
50499,
50502,
50503,
50533,
50540,
50553,
50554,
50557,
50559,
50560,
50562,
50586,
50592,
50594,
50595,
50605,
50611,
50613,
50614,
50621,
50624,
50629,
50631,
50634,
50638,
50639,
50640,
50644,
50647,
50648,
50653,
50657,
50660,
50670,
50674,
50686,
50697,
50701,
50712,
50719,
50722,
50725,
50726,
50728,
50744,
50748,
50754,
50760,
50765,
50766,
50767,
50768,
50773,
50775,
50777,
50781,
50783,
50785,
50789,
50790,
50797,
50804,
50806,
50807,
50822,
50828,
50830,
50846,
50851,
50856,
50858,
50865,
50867,
50871,
50872,
50876,
50877,
50878,
50882,
50885,
50889,
50892,
50906,
50920,
50923,
50926,
50927,
50931,
50935,
50938,
50945,
50946,
50949,
50961,
50973,
50979,
50980,
50981,
50983,
50987,
50996,
51000,
51002,
51008,
51010,
51011,
51012,
51016,
51021,
51026,
51027,
51029,
51032,
51044,
51047,
51049,
51059,
51060,
51073,
51078,
51091,
51097,
51098,
51108,
51114,
51117,
51128,
51130,
51138,
51143,
51144,
51152,
51174,
51177,
51187,
51189,
51191,
51192,
51198,
51205,
51223,
51224,
51228,
51233,
51242,
51245,
51247,
51254,
51255,
51259,
51263,
51264,
51268,
51273,
51277,
51280,
51282,
51286,
51287,
51288,
51289,
51295,
51296,
51298,
51300,
51302,
51303,
51305,
51308,
51314,
51315,
51340,
51342,
51351,
51356,
51359,
51364,
51381,
51384,
51397,
51401,
51411,
51412,
51415,
51424,
51427,
51428,
51429,
51434,
51436,
51437,
51441,
51445,
51449,
51455,
51458,
51461,
51466,
51469,
51475,
51482,
51489,
51492,
51494,
51496,
51497,
51516,
51518,
51522,
51523,
51525,
51539,
51544,
51550,
51553,
51555,
51567,
51571,
51581,
51585,
51587,
51598,
51602,
51604,
51608,
51620,
51630,
51633,
51635,
51640,
51644,
51648,
51651,
51654,
51655,
51656,
51667,
51677,
51679,
51690,
51701,
51708,
51709,
51710,
51727,
51737,
51738,
51741,
51751,
51753,
51757,
51758,
51759,
51762,
51763,
51771,
51772,
51787,
51794,
51797,
51803,
51806,
51817,
51823,
51824,
51835,
51844,
51846,
51847,
51849,
51854,
51858,
51867,
51880,
51885,
51894,
51897,
51900,
51901,
51907,
51916,
51924,
51927,
51929,
51940,
51942,
51949,
51955,
51956,
51957,
51961,
51965,
51981,
51987,
52004,
52047,
52048,
52049,
52053,
52056,
52059,
52066,
52074,
52075,
52088,
52090,
52092,
52100,
52104,
52114,
52115,
52117,
52118,
52122,
52126,
52140,
52145,
52150,
52151,
52159,
52171,
52174,
52177,
52186,
52187,
52188,
52206,
52207,
52210,
52224,
52228,
52230,
52241,
52243,
52250,
52255,
52280,
52281,
52283,
52286,
52291,
52293,
52296,
52301,
52302,
52309,
52313,
52316,
52317,
52324,
52336,
52339,
52348,
52352,
52353,
52355,
52356,
52359,
52364,
52375,
52382,
52392,
52393,
52394,
52397,
52399,
52414,
52417,
52421,
52426,
52431,
52432,
52433,
52440,
52442,
52449,
52456,
52469,
52474,
52483,
52494,
52504,
52514,
52516,
52518,
52523,
52524,
52529,
52554,
52573,
52593,
52596,
52597,
52598,
52609,
52616,
52617,
52625,
52626,
52632,
52635,
52645,
52646,
52651,
52656,
52658,
52660,
52667,
52673,
52675,
52679,
52681,
52682,
52684,
52693,
52695,
52702,
52705,
52709,
52715,
52720,
52726,
52728,
52739,
52744,
52749,
52750,
52751,
52753,
52757,
52766,
52768,
52773,
52776,
52787,
52794,
52807,
52810,
52813,
52819,
52835,
52836,
52844,
52845,
52848,
52853,
52854,
52859,
52860,
52861,
52868,
52875,
52883,
52886,
52905,
52907,
52915,
52922,
52933,
52936,
52939,
52940,
52945,
52958,
52959,
52967,
52978,
52983,
52989,
52999,
53011,
53019,
53020,
53035,
53037,
53044,
53055,
53062,
53063,
53066,
53073,
53075,
53079,
53090,
53096,
53097,
53104,
53107,
53110,
53111,
53126,
53131,
53135,
53136,
53139,
53150,
53156,
53159,
53160,
53165,
53170,
53171,
53191,
53202,
53203,
53215,
53226,
53232,
53236,
53237,
53244,
53252,
53253,
53254,
53257,
53261,
53263,
53267,
53274,
53280,
53284,
53293,
53296,
53298,
53301,
53309,
53322,
53323,
53325,
53329,
53340,
53348,
53349,
53350,
53357,
53358,
53362,
53366,
53373,
53375,
53387,
53389,
53392,
53395,
53401,
53402,
53406,
53427,
53428,
53429,
53430,
53439,
53443,
53451,
53452,
53458,
53459,
53468,
53476,
53488,
53490,
53501,
53505,
53513,
53515,
53532,
53535,
53540,
53543,
53544,
53549,
53553,
53562,
53569,
53589,
53596,
53602,
53603,
53608,
53619,
53630,
53634,
53635,
53647,
53653,
53654,
53658,
53668,
53670,
53679,
53687,
53688,
53689,
53701,
53706,
53708,
53713,
53719,
53720,
53722,
53724,
53730,
53733,
53737,
53739,
53741,
53743,
53757,
53759,
53765,
53768,
53771,
53772,
53773,
53792,
53803,
53809,
53810,
53817,
53822,
53837,
53846,
53848,
53849,
53852,
53859,
53874,
53876,
53890,
53891,
53895,
53896,
53897,
53899,
53900,
53902,
53915,
53917,
53922,
53925,
53927,
53929,
53940,
53946,
53950,
53960,
53971,
53976,
53977,
53993,
53995,
53996,
53997,
54000,
54001,
54012,
54016,
54022,
54037,
54042,
54054,
54058,
54059,
54063,
54064,
54065,
54070,
54078,
54082,
54088,
54089,
54092,
54093,
54094,
54099,
54104,
54108,
54111,
54115,
54117,
54119,
54122,
54124,
54127,
54136,
54139,
54143,
54144,
54148,
54150,
54151,
54157,
54161,
54168,
54170,
54171,
54173,
54184,
54190,
54191,
54200,
54202,
54206,
54218,
54220,
54231,
54232,
54243,
54247,
54250,
54252,
54253,
54254,
54266,
54281,
54286,
54288,
54293,
54308,
54309,
54310,
54311,
54312,
54326,
54331,
54332,
54346,
54351,
54352,
54366,
54368,
54373,
54383,
54385,
54389,
54392,
54403,
54404,
54408,
54428,
54435,
54436,
54460,
54463,
54470,
54473,
54475,
54477,
54485,
54491,
54493,
54494,
54504,
54510,
54522,
54524,
54529,
54535,
54540,
54543,
54546,
54555,
54559,
54560,
54566,
54572,
54573,
54580,
54582,
54583,
54585,
54586,
54588,
54591,
54592,
54597,
54600,
54602,
54606,
54607,
54609,
54616,
54619,
54622,
54626,
54631,
54641,
54644,
54661,
54662,
54663,
54665,
54669,
54673,
54680,
54681,
54691,
54694,
54695,
54696,
54702,
54706,
54712,
54716,
54721,
54730,
54735,
54743,
54745,
54749,
54751,
54752,
54755,
54765,
54766,
54767,
54768,
54769,
54774,
54777,
54779,
54784,
54791,
54800,
54802,
54804,
54811,
54815,
54820,
54823,
54828,
54833,
54840,
54844,
54847,
54849,
54851,
54852,
54855,
54865,
54866,
54874,
54875,
54878,
54880,
54881,
54884,
54891,
54892,
54893,
54895,
54916,
54922,
54923,
54933,
54936,
54937,
54938,
54943,
54945,
54947,
54950,
54952,
54970,
54972,
55002,
55004,
55014,
55021,
55023,
55024,
55027,
55048,
55054,
55068,
55070,
55075,
55082,
55083,
55090,
55091,
55092,
55097,
55098,
55110,
55120,
55127,
55138,
55143,
55149,
55150,
55155,
55158,
55173,
55174,
55176,
55178,
55179,
55186,
55191,
55205,
55208,
55209,
55212,
55216,
55223,
55226,
55236,
55246,
55255,
55259,
55266,
55270,
55271,
55273,
55275,
55279,
55287,
55293,
55296,
55299,
55313,
55314,
55316,
55317,
55334,
55336,
55338,
55340,
55354,
55369,
55370,
55377,
55378,
55379,
55386,
55394,
55396,
55407,
55410,
55411,
55412,
55418,
55421,
55422,
55433,
55438,
55439,
55442,
55444,
55470,
55475,
55477,
55479,
55484,
55489,
55490,
55495,
55498,
55500,
55504,
55507,
55510,
55517,
55524,
55534,
55536,
55545,
55556,
55558,
55569,
55570,
55581,
55583,
55589,
55598,
55609,
55613,
55617,
55628,
55632,
55640,
55647,
55651,
55652,
55654,
55657,
55659,
55661,
55664,
55682,
55691,
55692,
55701,
55708,
55713,
55717,
55723,
55726,
55739,
55742,
55743,
55748,
55749,
55756,
55757,
55759,
55762,
55768,
55771,
55775,
55782,
55785,
55786,
55789,
55799,
55800,
55802,
55804,
55805,
55808,
55818,
55822,
55835,
55836,
55839,
55843,
55847,
55848,
55850,
55852,
55858,
55860,
55861,
55870,
55873,
55875,
55877,
55882,
55888,
55893,
55896,
55898,
55913,
55916,
55924,
55931,
55932,
55933,
55945,
55952,
55956,
55958,
55961,
55972,
55977,
55984,
55988,
55991,
55993,
56000,
56008,
56020,
56021,
56022,
56024,
56027,
56035,
56036,
56039,
56047,
56055,
56056,
56060,
56061,
56063,
56069,
56071,
56078,
56082,
56083,
56098,
56100,
56101,
56105,
56110,
56112,
56113,
56114,
56128,
56132,
56133,
56135,
56144,
56149,
56153,
56157,
56158,
56160,
56164,
56169,
56174,
56176,
56179,
56188,
56189,
56191,
56192,
56195,
56199,
56204,
56206,
56219,
56228,
56229,
56234,
56235,
56236,
56238,
56240,
56243,
56244,
56245,
56246,
56256,
56271,
56273,
56274,
56279,
56280,
56284,
56285,
56296,
56300,
56308,
56310,
56312,
56314,
56320,
56328,
56329,
56331,
56332,
56337,
56341,
56344,
56346,
56347,
56348,
56352,
56356,
56357,
56360,
56362,
56363,
56369,
56370,
56377,
56381,
56383,
56387,
56390,
56393,
56401,
56415,
56416,
56419,
56422,
56423,
56425,
56426,
56443,
56453,
56454,
56459,
56463,
56464,
56465,
56467,
56474,
56478,
56479,
56482,
56490,
56498,
56502,
56504,
56506,
56508,
56509,
56510,
56512,
56522,
56525,
56530,
56537,
56540,
56542,
56544,
56549,
56558,
56563,
56568,
56572,
56575,
56579,
56582,
56587,
56593,
56598,
56600,
56601,
56610,
56611,
56613,
56616,
56621,
56624,
56626,
56627,
56633,
56639,
56642,
56644,
56656,
56664,
56666,
56671,
56684,
56685,
56690,
56695,
56699,
56702,
56706,
56709,
56711,
56713,
56723,
56729,
56730,
56731,
56735,
56754,
56767,
56768,
56782,
56790,
56799,
56815,
56820,
56821,
56827,
56844,
56866,
56867,
56869,
56871,
56875,
56884,
56888,
56890,
56891,
56896,
56897,
56904,
56907,
56910,
56914,
56916,
56917,
56921,
56923,
56927,
56928,
56929,
56936,
56950,
56951,
56958,
56962,
56965,
56971,
56976,
57004,
57011,
57014,
57016,
57022,
57034,
57041,
57046,
57048,
57055,
57060,
57067,
57068,
57074,
57075,
57079,
57081,
57102,
57113,
57123,
57125,
57126,
57140,
57153,
57156,
57157,
57164,
57167,
57171,
57173,
57176,
57177,
57179,
57180,
57183,
57186,
57193,
57195,
57197,
57208,
57210,
57217,
57240,
57243,
57245,
57250,
57254,
57266,
57271,
57275,
57276,
57277,
57290,
57299,
57303,
57306,
57310,
57312,
57313,
57316,
57324,
57331,
57333,
57334,
57336,
57337,
57340,
57341,
57343,
57344,
57346,
57348,
57351,
57353,
57357,
57362,
57372,
57373,
57374,
57377,
57381,
57382,
57391,
57405,
57407,
57410,
57411,
57413,
57416,
57423,
57424,
57425,
57430,
57432,
57433,
57434,
57437,
57440,
57444,
57453,
57466,
57481,
57482,
57488,
57490,
57496,
57497,
57505,
57506,
57508,
57511,
57512,
57515,
57518,
57519,
57520,
57528,
57530,
57533,
57538,
57539,
57544,
57545,
57548,
57561,
57564,
57575,
57576,
57583,
57584,
57591,
57592,
57598,
57604,
57605,
57607,
57612,
57616,
57621,
57623,
57625,
57626,
57633,
57639,
57643,
57644,
57645,
57653,
57655,
57662,
57665,
57668,
57671,
57681,
57692,
57699,
57709,
57711,
57721,
57724,
57731,
57734,
57744,
57755,
57756,
57758,
57759,
57764,
57766,
57769,
57770,
57775,
57776,
57777,
57779,
57785,
57787,
57801,
57803,
57804,
57809,
57822,
57825,
57828,
57830,
57842,
57843,
57850,
57855,
57856,
57867,
57875,
57876,
57878,
57883,
57894,
57895,
57899,
57910,
57912,
57915,
57925,
57930,
57934,
57935,
57943,
57945,
57951,
57957,
57963,
57971,
57972,
57977,
57982,
57992,
57996,
57998,
57999,
58004,
58005,
58006,
58015,
58020,
58024,
58025,
58026,
58035,
58045,
58046,
58047,
58063,
58067,
58070,
58072,
58078,
58083,
58084,
58094,
58096,
58101,
58103,
58105,
58114,
58116,
58117,
58122,
58123,
58133,
58138,
58146,
58156,
58161,
58164,
58165,
58167,
58173,
58176,
58184,
58190,
58191,
58193,
58194,
58200,
58206,
58210,
58215,
58222,
58228,
58230,
58240,
58243,
58249,
58252,
58265,
58271,
58276,
58278,
58281,
58288,
58292,
58294,
58295,
58303,
58304,
58320,
58323,
58329,
58334,
58335,
58363,
58369,
58370,
58373,
58378,
58382,
58384,
58386,
58387,
58388,
58401,
58406,
58407,
58409,
58417,
58418,
58421,
58426,
58440,
58445,
58446,
58447,
58450,
58451,
58470,
58474,
58484,
58492,
58501,
58504,
58508,
58522,
58524,
58525,
58527,
58528,
58533,
58551,
58564,
58575,
58576,
58577,
58589,
58591,
58595,
58604,
58605,
58611,
58613,
58614,
58616,
58618,
58623,
58628,
58631,
58637,
58649,
58651,
58656,
58659,
58660,
58683,
58685,
58686,
58693,
58694,
58714,
58719,
58720,
58724,
58726,
58731,
58734,
58736,
58739,
58743,
58744,
58746,
58758,
58766,
58768,
58770,
58774,
58786,
58787,
58791,
58803,
58810,
58826,
58835,
58837,
58842,
58848,
58849,
58854,
58855,
58859,
58861,
58864,
58886,
58889,
58896,
58897,
58900,
58913,
58915,
58928,
58930,
58935,
58940,
58941,
58943,
58960,
58978,
58980,
58981,
58982,
58984,
58989,
58991,
58994,
58996,
59013,
59015,
59020,
59021,
59033,
59037,
59045,
59047,
59056,
59058,
59065,
59070,
59072,
59084,
59091,
59104,
59105,
59106,
59110,
59115,
59122,
59126,
59127,
59130,
59132,
59135,
59140,
59141,
59143,
59160,
59162,
59171,
59172,
59174,
59177,
59187,
59198,
59203,
59209,
59216,
59221,
59222,
59224,
59230,
59251,
59256,
59264,
59266,
59275,
59284,
59291,
59292,
59302,
59315,
59318,
59320,
59323,
59324,
59325,
59333,
59337,
59349,
59355,
59358,
59363,
59367,
59368,
59374,
59381,
59386,
59390,
59398,
59400,
59404,
59408,
59411,
59415,
59417,
59431,
59434,
59439,
59440,
59441,
59449,
59465,
59485,
59499,
59502,
59503,
59505,
59511,
59512,
59523,
59527,
59528,
59539,
59540,
59544,
59547,
59567,
59575,
59586,
59594,
59605,
59607,
59612,
59615,
59619,
59623,
59624,
59626,
59631,
59635,
59642,
59651,
59652,
59660,
59662,
59665,
59666,
59667,
59668,
59676,
59679,
59682,
59684,
59686,
59691,
59693,
59698,
59701,
59703,
59706,
59708,
59709,
59715,
59716,
59717,
59722,
59725,
59732,
59738,
59743,
59747,
59754,
59757,
59762,
59768,
59784,
59793,
59794,
59805,
59807,
59808,
59810,
59813,
59817,
59827,
59833,
59836,
59840,
59841,
59843,
59845,
59847,
59858,
59861,
59864,
59877,
59879,
59882,
59893,
59895,
59905,
59911,
59914,
59918,
59922,
59934,
59935,
59939,
59944,
59945,
59951,
59952,
59965,
59970,
59974,
59975,
59976,
59979,
59989,
59992,
59994,
59997,
60005,
60016,
60017,
60021,
60034,
60038,
60039,
60043,
60050,
60052,
60055,
60065,
60068,
60069,
60072,
60079,
60082,
60094,
60107,
60115,
60117,
60119,
60120,
60133,
60141,
60142,
60144,
60151,
60153,
60154,
60161,
60165,
60168,
60169,
60172,
60173,
60179,
60181,
60182,
60197,
60200,
60201,
60205,
60209,
60216,
60220,
60222,
60224,
60225,
60228,
60230,
60232,
60247,
60249,
60252,
60255,
60256,
60261,
60263,
60279,
60287,
60288,
60301,
60303,
60305,
60312,
60317,
60327,
60329,
60331,
60334,
60335,
60337,
60341,
60345,
60357,
60358,
60366,
60368,
60373,
60381,
60384,
60400,
60401,
60404,
60409,
60413,
60414,
60417,
60418,
60419,
60441,
60451,
60453,
60460,
60463,
60465,
60469,
60473,
60475,
60481,
60482,
60507,
60508,
60509,
60514,
60519,
60521,
60530,
60534,
60536,
60538,
60541,
60547,
60548,
60549,
60551,
60567,
60568,
60569,
60578,
60583,
60593,
60594,
60606,
60607,
60610,
60613,
60623,
60624,
60625,
60638,
60653,
60666,
60667,
60671,
60679,
60680,
60682,
60683,
60691,
60695,
60696,
60703,
60708,
60717,
60724,
60726,
60727,
60735,
60737,
60740,
60743,
60748,
60751,
60753,
60757,
60758,
60763,
60771,
60775,
60777,
60779,
60788,
60792,
60796,
60798,
60804,
60805,
60813,
60817,
60819,
60825,
60827,
60830,
60837,
60839,
60844,
60846,
60847,
60849,
60861,
60875,
60880,
60882,
60893,
60894,
60896,
60898,
60900,
60901,
60905,
60911,
60913,
60918,
60923,
60925,
60929,
60931,
60934,
60947,
60951,
60953,
60960,
60981,
60984,
60993,
60995,
60998,
61007,
61008,
61009,
61011,
61028,
61030,
61037,
61040,
61042,
61047,
61051,
61052,
61062,
61068,
61076,
61080,
61089,
61091,
61101,
61104,
61105,
61106,
61107,
61110,
61130,
61135,
61136,
61140,
61146,
61153,
61156,
61162,
61164,
61165,
61167,
61168,
61176,
61178,
61179,
61186,
61197,
61205,
61206,
61208,
61209,
61215,
61216,
61221,
61225,
61227,
61228,
61231,
61232,
61236,
61242,
61244,
61247,
61252,
61253,
61264,
61269,
61277,
61278,
61285,
61286,
61322,
61325,
61337,
61344,
61346,
61369,
61372,
61387,
61407,
61411,
61415,
61428,
61430,
61442,
61445,
61462,
61468,
61474,
61481,
61488,
61489,
61491,
61499,
61501,
61502,
61503,
61505,
61520,
61522,
61523,
61531,
61538,
61540,
61545,
61551,
61552,
61553,
61557,
61570,
61572,
61577,
61582,
61591,
61593,
61598,
61603,
61606,
61608,
61620,
61625,
61628,
61634,
61636,
61641,
61649,
61650,
61651,
61652,
61653,
61654,
61662,
61676,
61678,
61682,
61685,
61686,
61688,
61689,
61693,
61696,
61699,
61700,
61702,
61706,
61707,
61722,
61742,
61745,
61746,
61747,
61752,
61753,
61755,
61760,
61763,
61769,
61770,
61771,
61772,
61777,
61786,
61791,
61793,
61807,
61822,
61825,
61832,
61834,
61837,
61840,
61846,
61861,
61865,
61870,
61876,
61884,
61885,
61887,
61889,
61890,
61892,
61902,
61903,
61906,
61918,
61919,
61931,
61932,
61936,
61954,
61959,
61964,
61966,
61973,
61977,
61978,
61987,
61988,
61999,
62006,
62010,
62012,
62019,
62020,
62023,
62025,
62028,
62032,
62035,
62036,
62048,
62050,
62059,
62064,
62070,
62076,
62080,
62090,
62095,
62096,
62103,
62107,
62110,
62113,
62114,
62119,
62122,
62124,
62128,
62144,
62154,
62155,
62162,
62171,
62198,
62206,
62208,
62212,
62221,
62222,
62227,
62228,
62229,
62230,
62232,
62238,
62245,
62246,
62250,
62257,
62264,
62267,
62277,
62282,
62283,
62286,
62291,
62297,
62303,
62306,
62307,
62311,
62315,
62318,
62320,
62321,
62328,
62333,
62335,
62337,
62338,
62342,
62343,
62350,
62351,
62360,
62364,
62371,
62378,
62385,
62388,
62398,
62399,
62411,
62419,
62429,
62431,
62432,
62438,
62446,
62456,
62458,
62465,
62469,
62473,
62481,
62482,
62487,
62488,
62491,
62493,
62494,
62495,
62498,
62502,
62509,
62512,
62521,
62523,
62534,
62539,
62540,
62541,
62551,
62556,
62561,
62562,
62566,
62568,
62573,
62574,
62578,
62580,
62589,
62598,
62603,
62604,
62611,
62621,
62623,
62634,
62636,
62641,
62649,
62652,
62658,
62667,
62678,
62680,
62683,
62693,
62699,
62706,
62709,
62712,
62718,
62729,
62730,
62742,
62744,
62745,
62746,
62747,
62750,
62751,
62753,
62754,
62756,
62758,
62763,
62766,
62767,
62775,
62779,
62780,
62788,
62791,
62792,
62793,
62801,
62802,
62809,
62810,
62816,
62817,
62820,
62833,
62846,
62851,
62856,
62858,
62861,
62864,
62879,
62899,
62900,
62911,
62915,
62917,
62928,
62930,
62935,
62938,
62940,
62945,
62955,
62960,
62963,
62965,
62968,
62974,
62978,
62984,
62993,
62998,
63003,
63005,
63008,
63010,
63012,
63015,
63024,
63042,
63044,
63045,
63050,
63059,
63063,
63068,
63071,
63074,
63075,
63082,
63085,
63103,
63113,
63118,
63122,
63125,
63132,
63137,
63155,
63158,
63163,
63164,
63166,
63169,
63173,
63176,
63182,
63184,
63193,
63198,
63199,
63206,
63208,
63218,
63242,
63243,
63248,
63250,
63253,
63259,
63260,
63263,
63270,
63275,
63282,
63286,
63287,
63290,
63293,
63294,
63295,
63302,
63304,
63310,
63314,
63320,
63322,
63324,
63329,
63341,
63343,
63351,
63355,
63359,
63367,
63371,
63378,
63384,
63385,
63388,
63389,
63391,
63394,
63395,
63396,
63400,
63401,
63407,
63414,
63415,
63417,
63419,
63428,
63430,
63431,
63436,
63438,
63444,
63460,
63463,
63473,
63484,
63494,
63498,
63501,
63505,
63507,
63512,
63516,
63522,
63525,
63529,
63530,
63534,
63540,
63544,
63547,
63551,
63553,
63555,
63580,
63586,
63592,
63598,
63604,
63610,
63612,
63618,
63630,
63643,
63644,
63645,
63646,
63653,
63657,
63661,
63666,
63668,
63672,
63673,
63679,
63681,
63689,
63706,
63711,
63717,
63725,
63728,
63739,
63740,
63743,
63745,
63749,
63750,
63751,
63754,
63767,
63774,
63777,
63779,
63785,
63793,
63796,
63803,
63806,
63813,
63817,
63833,
63839,
63841,
63842,
63847,
63862,
63873,
63874,
63875,
63877,
63879,
63880,
63884,
63887,
63893,
63901,
63904,
63912,
63915,
63917,
63920,
63930,
63937,
63940,
63946,
63957,
63962,
63964,
63974,
63976,
63981,
63986,
63990,
63999,
64017,
64024,
64033,
64035,
64037,
64039,
64045,
64049,
64059,
64076,
64078,
64091,
64094,
64096,
64105,
64109,
64118,
64124,
64126,
64135,
64153,
64155,
64158,
64159,
64164,
64167,
64178,
64182,
64187,
64196,
64198,
64207,
64209,
64228,
64229,
64251,
64264,
64266,
64269,
64279,
64285,
64287,
64288,
64290,
64292,
64299,
64300,
64304,
64311,
64314,
64316,
64323,
64324,
64327,
64335,
64339,
64344,
64374,
64378,
64380,
64386,
64391,
64392,
64401,
64414,
64420,
64431,
64437,
64445,
64449,
64456,
64464,
64474,
64488,
64499,
64505,
64520,
64521,
64526,
64533,
64536,
64538,
64540,
64541,
64545,
64553,
64554,
64556,
64557,
64563,
64567,
64576,
64579,
64596,
64601,
64602,
64603,
64604,
64606,
64624,
64631,
64632,
64634,
64635,
64644,
64647,
64657,
64670,
64673,
64683,
64694,
64712,
64713,
64723,
64730,
64731,
64742,
64747,
64752,
64769,
64775,
64776,
64779,
64785,
64786,
64791,
64801,
64804,
64822,
64823,
64826,
64827,
64833,
64834,
64835,
64840,
64844,
64848,
64849,
64853,
64854,
64859,
64869,
64873,
64884,
64886,
64891,
64895,
64897,
64901,
64903,
64905,
64912,
64913,
64936,
64942,
64953,
64958,
64979,
64985,
64988,
65001,
65008,
65010,
65018,
65019,
65020,
65022,
65029,
65035,
65044,
65056,
65057,
65060,
65063,
65080,
65092,
65094,
65097,
65106,
65107,
65110,
65130,
65133,
65140,
65143,
65151,
65155,
65157,
65164,
65168,
65169,
65182,
65189,
65202,
65206,
65209,
65211,
65220,
65221,
65226,
65232,
65239,
65242,
65249,
65260,
65262,
65267,
65273,
65284,
65287,
65289,
65296,
65299,
65302,
65305,
65306,
65307,
65316,
65319,
65321,
65334,
65335,
65339,
65341,
65346,
65349,
65350,
65354,
65364,
65365,
65379,
65384,
65388,
65396,
65399,
65405,
65411,
65414,
65418,
65422,
65423,
65426,
65429,
65442,
65447,
65448,
65452,
65465,
65469,
65470,
65477,
65478,
65483,
65485,
65494,
65501,
65504,
65505,
65507,
65514,
65517,
65520,
65521,
65536,
65541,
65542,
65545,
65546,
65548,
65551,
65569,
65577,
65579,
65582,
65590,
65591,
65600,
65604,
65611,
65616,
65623,
65624,
65625,
65630,
65631,
65634,
65638,
65640,
65642,
65644,
65645,
65650,
65657,
65662,
65668,
65680,
65683,
65684,
65689,
65699,
65703,
65713,
65715,
65720,
65723,
65738,
65746,
65748,
65749,
65772,
65777,
65780,
65782,
65784,
65787,
65793,
65804,
65805,
65811,
65816,
65820,
65821,
65823,
65825,
65836,
65837,
65846,
65856,
65862,
65864,
65873,
65876,
65877,
65878,
65880,
65882,
65885,
65892,
65893,
65897,
65899,
65903,
65907,
65908,
65912,
65915,
65937,
65946,
65949,
65951,
65959,
65965,
65967,
65977,
65982,
65984,
65990,
65996,
65998,
65999,
66001,
66007,
66013,
66015,
66031,
66036,
66038,
66042,
66043,
66046,
66052,
66059,
66064,
66078,
66084,
66085,
66087,
66094,
66097,
66098,
66123,
66128,
66136,
66140,
66142,
66154,
66165,
66170,
66174,
66180,
66182,
66185,
66187,
66191,
66194,
66195,
66197,
66209,
66212,
66226,
66229,
66236,
66253,
66254,
66260,
66261,
66269,
66270,
66283,
66291,
66294,
66297,
66298,
66300,
66315,
66320,
66332,
66338,
66340,
66342,
66343,
66362,
66363,
66364,
66376,
66379,
66388,
66400,
66403,
66405,
66406,
66410,
66412,
66416,
66417,
66421,
66427,
66429,
66433,
66436,
66448,
66458,
66460,
66476,
66477,
66485,
66488,
66489,
66491,
66497,
66499,
66506,
66512,
66534,
66540,
66541,
66544,
66548,
66551,
66552,
66553,
66555,
66556,
66561,
66566,
66569,
66573,
66574,
66575,
66579,
66582,
66588,
66591,
66593,
66604,
66613,
66629,
66630,
66637,
66646,
66648,
66657,
66663,
66675,
66676,
66677,
66683,
66689,
66690,
66705,
66706,
66707,
66724,
66728,
66730,
66731,
66738,
66741,
66744,
66747,
66761,
66767,
66772,
66773,
66780,
66786,
66787,
66792,
66795,
66798,
66799,
66802,
66807,
66810,
66811,
66813,
66815,
66818,
66822,
66826,
66829,
66838,
66847,
66848,
66849,
66850,
66852,
66855,
66858,
66861,
66879,
66881,
66885,
66893,
66896,
66898,
66899,
66902,
66904,
66907,
66914,
66915,
66917,
66919,
66920,
66923,
66929,
66933,
66936,
66939,
66942,
66945,
66947,
66950,
66958,
66965,
66966,
66975,
66977,
66982,
66983,
66990,
67002,
67008,
67013,
67015,
67020,
67028,
67035,
67042,
67046,
67047,
67058,
67059,
67067,
67071,
67082,
67084,
67085,
67086,
67087,
67091,
67095,
67096,
67100,
67104,
67106,
67119,
67122,
67125,
67128,
67131,
67138,
67141,
67142,
67148,
67154,
67159,
67164,
67166,
67167,
67172,
67193,
67195,
67207,
67220,
67221,
67228,
67230,
67234,
67241,
67247,
67257,
67258,
67260,
67268,
67270,
67273,
67276,
67277,
67287,
67294,
67296,
67297,
67303,
67304,
67318,
67323,
67331,
67336,
67337,
67346,
67348,
67355,
67356,
67362,
67368,
67374,
67376,
67380,
67381,
67382,
67393,
67398,
67402,
67403,
67404,
67407,
67415,
67416,
67417,
67418,
67421,
67426,
67445,
67458,
67467,
67468,
67474,
67476,
67483,
67485,
67486,
67489,
67493,
67500,
67502,
67510,
67513,
67514,
67518,
67523,
67526,
67527,
67529,
67532,
67533,
67535,
67541,
67556,
67567,
67568,
67569,
67572,
67575,
67578,
67589,
67593,
67594,
67595,
67613,
67617,
67618,
67630,
67633,
67643,
67645,
67658,
67665,
67667,
67678,
67682,
67683,
67687,
67690,
67696,
67702,
67705,
67707,
67709,
67711,
67715,
67723,
67726,
67730,
67731,
67733,
67737,
67738,
67739,
67741,
67742,
67755,
67761,
67765,
67786,
67787,
67788,
67792,
67798,
67799,
67801,
67803,
67804,
67815,
67825,
67831,
67835,
67852,
67854,
67862,
67863,
67870,
67871,
67873,
67883,
67888,
67891,
67897,
67903,
67912,
67913,
67914,
67916,
67918,
67934,
67935,
67946,
67951,
67952,
67954,
67957,
67960,
67961,
67967,
67968,
67972,
67975,
67978,
67991,
68002,
68003,
68008,
68015,
68016,
68017,
68027,
68031,
68034,
68035,
68046,
68050,
68051,
68059,
68061,
68062,
68064,
68068,
68070,
68072,
68077,
68079,
68081,
68082,
68087,
68089,
68095,
68111,
68112,
68114,
68120,
68122,
68124,
68129,
68130,
68150,
68152,
68155,
68162,
68173,
68174,
68176,
68178,
68182,
68185,
68186,
68206,
68208,
68210,
68239,
68242,
68248,
68249,
68252,
68254,
68255,
68263,
68267,
68278,
68280,
68282,
68286,
68290,
68297,
68301,
68307,
68311,
68314,
68324,
68340,
68341,
68345,
68346,
68349,
68353,
68360,
68374,
68375,
68377,
68378,
68379,
68382,
68397,
68398,
68402,
68409,
68410,
68411,
68413,
68416,
68419,
68420,
68427,
68458,
68465,
68471,
68476,
68489,
68492,
68497,
68501,
68502,
68511,
68514,
68537,
68543,
68549,
68550,
68555,
68556,
68558,
68559,
68560,
68561,
68567,
68578,
68579,
68580,
68591,
68595,
68598,
68606,
68614,
68616,
68622,
68627,
68632,
68654,
68665,
68669,
68683,
68687,
68691,
68693,
68694,
68698,
68701,
68705,
68707,
68709,
68714,
68716,
68722,
68733,
68737,
68752,
68760,
68763,
68765,
68787,
68793,
68794,
68797,
68799,
68800,
68801,
68831,
68837,
68838,
68842,
68861,
68862,
68865,
68867,
68874,
68878,
68882,
68891,
68895,
68896,
68897,
68898,
68900,
68907,
68911,
68916,
68921,
68926,
68933,
68953,
68954,
68955,
68966,
68971,
68972,
68979,
68984,
68999,
69002,
69014,
69024,
69029,
69030,
69031,
69035,
69039,
69040,
69045,
69047,
69050,
69054,
69055,
69068,
69070,
69076,
69077,
69091,
69097,
69098,
69109,
69110,
69125,
69131,
69135,
69138,
69141,
69146,
69151,
69153,
69155,
69159,
69161,
69176,
69180,
69181,
69191,
69193,
69202,
69204,
69205,
69208,
69215,
69225,
69232,
69239,
69249,
69251,
69264,
69265,
69271,
69272,
69274,
69275,
69277,
69285,
69288,
69297,
69317,
69319,
69327,
69329,
69338,
69346,
69347,
69352,
69355,
69359,
69371,
69382,
69400,
69402,
69405,
69419,
69422,
69426,
69428,
69433,
69443,
69446,
69447,
69450,
69454,
69459,
69460,
69464,
69465,
69469,
69471,
69479,
69493,
69496,
69499,
69510,
69515,
69534,
69554,
69564,
69576,
69586,
69597,
69600,
69602,
69611,
69613,
69626,
69627,
69629,
69637,
69640,
69653,
69656,
69658,
69659,
69662,
69664,
69680,
69690,
69701,
69715,
69719,
69721,
69726,
69736,
69743,
69749,
69750,
69754,
69755,
69759,
69761,
69769,
69770,
69780,
69782,
69784,
69803,
69812,
69815,
69831,
69834,
69841,
69848,
69849,
69853,
69856,
69859,
69863,
69871,
69872,
69878,
69881,
69891,
69897,
69907,
69908,
69919,
69921,
69933,
69942,
69947,
69948,
69949,
69961,
69969,
69971,
69974,
69975,
69976,
69992,
69993,
69998,
70000,
70007,
70011,
70015,
70017,
70031,
70033,
70035,
70038,
70048,
70053,
70057,
70060,
70066,
70067,
70069,
70074,
70080,
70082,
70088,
70091,
70092,
70094,
70095,
70097,
70099,
70100,
70101,
70105,
70116,
70123,
70126,
70127,
70130,
70134,
70157,
70159,
70160,
70162,
70170,
70176,
70178,
70184,
70190,
70191,
70196,
70197,
70198,
70204,
70205,
70214,
70216,
70219,
70232,
70251,
70253,
70259,
70262,
70266,
70268,
70270,
70271,
70273,
70278,
70288,
70292,
70305,
70335,
70339,
70347,
70353,
70354,
70368,
70372,
70373,
70377,
70385,
70386,
70388,
70391,
70408,
70409,
70413,
70415,
70421,
70432,
70433,
70435,
70441,
70445,
70450,
70464,
70468,
70470,
70473,
70475,
70492,
70504,
70528,
70529,
70535,
70543,
70544,
70546,
70547,
70553,
70568,
70575,
70576,
70577,
70580,
70590,
70593,
70599,
70605,
70608,
70610,
70621,
70627,
70632,
70633,
70642,
70645,
70647,
70648,
70655,
70659,
70661,
70663,
70664,
70675,
70680,
70688,
70693,
70705,
70711,
70719,
70721,
70723,
70734,
70737,
70738,
70739,
70751,
70758,
70759,
70763,
70766,
70767,
70768,
70775,
70781,
70796,
70807,
70812,
70813,
70820,
70829,
70833,
70836,
70837,
70845,
70847,
70862,
70866,
70868,
70871,
70881,
70883,
70886,
70896,
70918,
70919,
70922,
70923,
70943,
70955,
70957,
70958,
70960,
70961,
70967,
70970,
70985,
70993,
70997,
70998,
71004,
71008,
71017,
71019,
71022,
71027,
71029,
71040,
71041,
71048,
71050,
71052,
71065,
71077,
71083,
71086,
71088,
71091,
71093,
71094,
71106,
71114,
71115,
71117,
71135,
71143,
71148,
71149,
71151,
71153,
71159,
71164,
71169,
71171,
71177,
71178,
71183,
71197,
71210,
71219,
71225,
71233,
71234,
71237,
71238,
71241,
71242,
71245,
71248,
71252,
71256,
71261,
71262,
71266,
71270,
71273,
71276,
71278,
71281,
71291,
71295,
71298,
71306,
71307,
71309,
71316,
71323,
71332,
71345,
71346,
71352,
71357,
71365,
71368,
71388,
71400,
71403,
71406,
71407,
71416,
71432,
71433,
71436,
71438,
71439,
71443,
71455,
71456,
71458,
71459,
71461,
71475,
71476,
71481,
71495,
71498,
71499,
71500,
71519,
71524,
71543,
71545,
71546,
71556,
71558,
71564,
71567,
71579,
71586,
71593,
71595,
71598,
71599,
71605,
71608,
71623,
71628,
71633,
71643,
71644,
71646,
71656,
71659,
71662,
71663,
71666,
71668,
71674,
71684,
71685,
71689,
71690,
71693,
71695,
71696,
71701,
71705,
71715,
71721,
71726,
71730,
71733,
71735,
71737,
71738,
71743,
71748,
71751,
71753,
71754,
71756,
71758,
71760,
71761,
71762,
71766,
71768,
71769,
71771,
71773,
71776,
71781,
71793,
71796,
71802,
71805,
71812,
71818,
71825,
71828,
71832,
71841,
71848,
71858,
71866,
71868,
71872,
71873,
71884,
71886,
71892,
71904,
71905,
71906,
71940,
71944,
71952,
71960,
71971,
71974,
71977,
71979,
71980,
71981,
71984,
71988,
71991,
71994,
71996,
71997,
72003,
72006,
72016,
72022,
72023,
72033,
72034,
72042,
72051,
72053,
72057,
72067,
72071,
72092,
72109,
72111,
72114,
72115,
72127,
72139,
72144,
72147,
72156,
72158,
72162,
72165,
72170,
72175,
72209,
72210,
72219,
72222,
72223,
72224,
72240,
72243,
72245,
72249,
72250,
72251,
72256,
72265,
72271,
72272,
72281,
72287,
72293,
72299,
72307,
72309,
72313,
72318,
72329,
72333,
72334,
72339,
72342,
72344,
72346,
72355,
72360,
72361,
72364,
72369,
72373,
72376,
72385,
72388,
72395,
72398,
72408,
72429,
72432,
72436,
72460,
72469,
72473,
72477,
72484,
72485,
72490,
72494,
72495,
72498,
72503,
72505,
72509,
72510,
72516,
72519,
72521,
72526,
72528,
72535,
72539,
72547,
72551,
72557,
72560,
72561,
72562,
72574,
72578,
72580,
72591,
72592,
72594,
72602,
72608,
72612,
72628,
72636,
72641,
72650,
72653,
72654,
72663,
72673,
72694,
72697,
72699,
72702,
72704,
72710,
72721,
72722,
72723,
72728,
72733,
72744,
72753,
72757,
72767,
72786,
72788,
72803,
72814,
72822,
72834,
72840,
72843,
72846,
72855,
72862,
72868,
72877,
72884,
72894,
72898,
72902,
72903,
72914,
72919,
72926,
72931,
72932,
72934,
72947,
72950,
72952,
72961,
72980,
72983,
72985,
72991,
73003,
73004,
73005,
73011,
73021,
73028,
73038,
73040,
73043,
73044,
73049,
73050,
73052,
73053,
73064,
73066,
73069,
73083,
73092,
73093,
73095,
73097,
73103,
73106,
73116,
73118,
73119,
73121,
73122,
73129,
73135,
73148,
73151,
73152,
73153,
73156,
73170,
73173,
73175,
73177,
73183,
73192,
73197,
73199,
73203,
73212,
73213,
73216,
73217,
73219,
73221,
73229,
73231,
73233,
73243,
73245,
73247,
73248,
73255,
73261,
73263,
73264,
73267,
73269,
73270,
73283,
73285,
73292,
73294,
73303,
73304,
73315,
73317,
73321,
73324,
73325,
73327,
73329,
73330,
73332,
73340,
73342,
73351,
73357,
73364,
73368,
73386,
73388,
73396,
73400,
73402,
73404,
73413,
73414,
73427,
73429,
73431,
73433,
73437,
73438,
73439,
73443,
73448,
73453,
73457,
73460,
73472,
73475,
73476,
73489,
73490,
73501,
73506,
73511,
73515,
73520,
73533,
73534,
73538,
73544,
73547,
73548,
73555,
73563,
73564,
73567,
73572,
73579,
73581,
73589,
73593,
73601,
73602,
73606,
73610,
73611,
73617,
73629,
73632,
73633,
73637,
73638,
73643,
73648,
73650,
73653,
73657,
73662,
73667,
73675,
73680,
73691,
73697,
73722,
73738,
73750,
73753,
73755,
73759,
73761,
73762,
73772,
73775,
73785,
73788,
73791,
73798,
73801,
73819,
73831,
73833,
73840,
73841,
73842,
73843,
73856,
73859,
73866,
73869,
73875,
73888,
73897,
73903,
73904,
73907,
73921,
73924,
73925,
73945,
73951,
73952,
73956,
73963,
73967,
73977,
73978,
73979,
73988,
73993,
73994,
74005,
74007,
74010,
74024,
74028,
74030,
74037,
74049,
74056,
74063,
74071,
74074,
74087,
74092,
74095,
74099,
74102,
74104,
74106,
74113,
74118,
74119,
74132,
74137,
74138,
74143,
74148,
74152,
74153,
74154,
74162,
74173,
74179,
74181,
74182,
74184,
74198,
74200,
74206,
74209,
74212,
74218,
74223,
74231,
74232,
74234,
74241,
74244,
74245,
74248,
74249,
